Year;Week;Orglevel1;Orglevel2;Orglevel3;Product;Ordersnum;Orderstargetnum
2012; 9;SWEDEN;STOCKHOLM;STORE 4;PRODUCT 9;50;62
2010;32;SWEDEN;STOCKHOLM;STORE 1;PRODUCT 4;27;58
2012;17;SWEDEN;STOCKHOLM;STORE 4;PRODUCT 7;78;94
2013; 6;SWEDEN;STOCKHOLM;STORE 3;PRODUCT 5;52;136
2011; 7;SWEDEN;STOCKHOLM;STORE 5;PRODUCT 7;95;107
2013;11;SWEDEN;STOCKHOLM;STORE 5;PRODUCT 7;82;142
2012;42;SWEDEN;STOCKHOLM;STORE 3;PRODUCT 8;22;68
2013;23;SWEDEN;STOCKHOLM;STORE 3;PRODUCT 11;96;111
2012;15;SWEDEN;STOCKHOLM;STORE 1;PRODUCT 7;109;129
2013;46;SWEDEN;STOCKHOLM;STORE 3;PRODUCT 10;58;61
2015;50;SWEDEN;STOCKHOLM;STORE 3;PRODUCT 8;90;68
2011;38;SWEDEN;STOCKHOLM;STORE 5;PRODUCT 1;96;99
2014;18;SWEDEN;STOCKHOLM;STORE 3;PRODUCT 3;24;66
2014;42;SWEDEN;STOCKHOLM;STORE 5;PRODUCT 1;100;147
2011;31;SWEDEN;STOCKHOLM;STORE 4;PRODUCT 10;38;146
2013;23;SWEDEN;STOCKHOLM;STORE 2;PRODUCT 5;97;122
2011;45;SWEDEN;STOCKHOLM;STORE 2;PRODUCT 9;98;94
2013;11;SWEDEN;STOCKHOLM;STORE 5;PRODUCT 7;99;93
2015;34;SWEDEN;STOCKHOLM;STORE 3;PRODUCT 8;22;119
2015;15;SWEDEN;STOCKHOLM;STORE 2;PRODUCT 10;103;87
2014;16;SWEDEN;STOCKHOLM;STORE 5;PRODUCT 2;114;132
2011;47;SWEDEN;STOCKHOLM;STORE 3;PRODUCT 11;106;116
2011; 2;SWEDEN;STOCKHOLM;STORE 2;PRODUCT 9;59;112
2011;36;SWEDEN;STOCKHOLM;STORE 5;PRODUCT 6;113;96
2014;44;SWEDEN;STOCKHOLM;STORE 4;PRODUCT 3;52;114
2011; 4;SWEDEN;STOCKHOLM;STORE 5;PRODUCT 10;92;54
2015;23;SWEDEN;STOCKHOLM;STORE 5;PRODUCT 6;44;131
2015;33;SWEDEN;STOCKHOLM;STORE 4;PRODUCT 4;72;140
2011; 2;SWEDEN;STOCKHOLM;STORE 6;PRODUCT 2;109;67
2010;23;SWEDEN;STOCKHOLM;STORE 2;PRODUCT 11;50;103
2014; 8;SWEDEN;STOCKHOLM;STORE 4;PRODUCT 5;68;125
2014;24;SWEDEN;STOCKHOLM;STORE 3;PRODUCT 2;49;135
2010;36;SWEDEN;STOCKHOLM;STORE 5;PRODUCT 4;39;120
2013;49;SWEDEN;STOCKHOLM;STORE 2;PRODUCT 3;108;133
2015;19;SWEDEN;STOCKHOLM;STORE 3;PRODUCT 7;96;98
2013;47;SWEDEN;STOCKHOLM;STORE 5;PRODUCT 5;106;116
2011;43;SWEDEN;STOCKHOLM;STORE 2;PRODUCT 3;61;84
2011;42;SWEDEN;STOCKHOLM;STORE 4;PRODUCT 2;105;129
2012; 6;SWEDEN;STOCKHOLM;STORE 3;PRODUCT 8;91;88
2012;41;SWEDEN;STOCKHOLM;STORE 2;PRODUCT 5;44;82
2013;42;SWEDEN;STOCKHOLM;STORE 5;PRODUCT 4;98;121
2013; 2;SWEDEN;STOCKHOLM;STORE 2;PRODUCT 4;117;81
2011;38;SWEDEN;STOCKHOLM;STORE 5;PRODUCT 5;91;124
2013;19;SWEDEN;STOCKHOLM;STORE 4;PRODUCT 6;63;68
2015;23;SWEDEN;STOCKHOLM;STORE 1;PRODUCT 7;79;54
2014; 2;SWEDEN;STOCKHOLM;STORE 5;PRODUCT 1;30;141
2013;40;SWEDEN;STOCKHOLM;STORE 4;PRODUCT 11;33;123
2010;20;SWEDEN;STOCKHOLM;STORE 6;PRODUCT 9;93;57
2010;18;SWEDEN;STOCKHOLM;STORE 4;PRODUCT 5;62;143
2013;21;SWEDEN;STOCKHOLM;STORE 5;PRODUCT 6;50;88
2012;32;SWEDEN;STOCKHOLM;STORE 2;PRODUCT 3;54;80
2012;43;SWEDEN;STOCKHOLM;STORE 3;PRODUCT 9;41;106
2010;48;SWEDEN;STOCKHOLM;STORE 4;PRODUCT 3;46;98
2011;49;SWEDEN;STOCKHOLM;STORE 2;PRODUCT 4;35;53
2013;45;SWEDEN;STOCKHOLM;STORE 3;PRODUCT 7;111;69
2013;24;SWEDEN;STOCKHOLM;STORE 5;PRODUCT 7;112;91
2010;30;SWEDEN;STOCKHOLM;STORE 2;PRODUCT 4;32;119
2013;46;SWEDEN;STOCKHOLM;STORE 3;PRODUCT 4;119;120
2010;28;SWEDEN;STOCKHOLM;STORE 4;PRODUCT 9;34;131
2013;40;SWEDEN;STOCKHOLM;STORE 3;PRODUCT 7;81;95
2012;40;SWEDEN;STOCKHOLM;STORE 2;PRODUCT 4;111;61
2014;40;SWEDEN;STOCKHOLM;STORE 3;PRODUCT 7;84;64
2011;49;SWEDEN;STOCKHOLM;STORE 5;PRODUCT 4;30;52
2014;38;SWEDEN;STOCKHOLM;STORE 2;PRODUCT 8;40;101
2012;21;SWEDEN;STOCKHOLM;STORE 3;PRODUCT 2;40;139
2013;41;SWEDEN;STOCKHOLM;STORE 3;PRODUCT 9;79;106
2014;50;SWEDEN;STOCKHOLM;STORE 3;PRODUCT 3;31;94
2014; 6;SWEDEN;STOCKHOLM;STORE 4;PRODUCT 1;99;71
2010;34;SWEDEN;STOCKHOLM;STORE 1;PRODUCT 4;28;91
2014;51;SWEDEN;STOCKHOLM;STORE 3;PRODUCT 11;71;136
2014;12;SWEDEN;STOCKHOLM;STORE 4;PRODUCT 1;25;106
2011;37;SWEDEN;STOCKHOLM;STORE 5;PRODUCT 4;62;83
2012; 9;SWEDEN;STOCKHOLM;STORE 3;PRODUCT 8;98;130
2012;33;SWEDEN;STOCKHOLM;STORE 2;PRODUCT 6;69;135
2011;47;SWEDEN;STOCKHOLM;STORE 1;PRODUCT 8;85;105
2014;22;SWEDEN;STOCKHOLM;STORE 5;PRODUCT 9;24;55
2011;42;SWEDEN;STOCKHOLM;STORE 5;PRODUCT 2;67;141
2015;36;SWEDEN;STOCKHOLM;STORE 2;PRODUCT 1;70;109
2011;48;SWEDEN;STOCKHOLM;STORE 3;PRODUCT 8;87;146
2011;20;SWEDEN;STOCKHOLM;STORE 2;PRODUCT 10;31;131
2014;43;SWEDEN;STOCKHOLM;STORE 4;PRODUCT 6;34;148
2010;34;SWEDEN;STOCKHOLM;STORE 3;PRODUCT 2;38;110
2013;34;SWEDEN;STOCKHOLM;STORE 5;PRODUCT 6;70;146
2013;25;SWEDEN;STOCKHOLM;STORE 1;PRODUCT 6;107;109
2011;49;SWEDEN;STOCKHOLM;STORE 3;PRODUCT 6;32;150
2013;18;SWEDEN;STOCKHOLM;STORE 4;PRODUCT 9;68;78
2014; 2;SWEDEN;STOCKHOLM;STORE 6;PRODUCT 11;42;64
2010;33;SWEDEN;STOCKHOLM;STORE 3;PRODUCT 2;50;60
2013; 8;SWEDEN;STOCKHOLM;STORE 6;PRODUCT 8;21;61
2011; 3;SWEDEN;STOCKHOLM;STORE 4;PRODUCT 3;72;70
2015;23;SWEDEN;STOCKHOLM;STORE 5;PRODUCT 4;37;107
2011;41;SWEDEN;STOCKHOLM;STORE 2;PRODUCT 7;92;124
2011;10;SWEDEN;STOCKHOLM;STORE 4;PRODUCT 6;94;62
2013;33;SWEDEN;STOCKHOLM;STORE 3;PRODUCT 11;96;113
2014;21;SWEDEN;STOCKHOLM;STORE 4;PRODUCT 11;34;79
2015;48;SWEDEN;STOCKHOLM;STORE 1;PRODUCT 4;36;108
2012;35;SWEDEN;STOCKHOLM;STORE 3;PRODUCT 6;116;122
2015;27;SWEDEN;STOCKHOLM;STORE 4;PRODUCT 6;90;127
2011;32;SWEDEN;STOCKHOLM;STORE 2;PRODUCT 9;47;148
2014;14;SWEDEN;STOCKHOLM;STORE 5;PRODUCT 9;42;78
2012;44;SWEDEN;STOCKHOLM;STORE 1;PRODUCT 7;71;79
2010;30;SWEDEN;STOCKHOLM;STORE 2;PRODUCT 5;54;120
2012;37;SWEDEN;STOCKHOLM;STORE 2;PRODUCT 1;98;57
2013; 9;SWEDEN;STOCKHOLM;STORE 4;PRODUCT 3;88;98
2011;29;SWEDEN;STOCKHOLM;STORE 5;PRODUCT 9;88;145
2012;44;SWEDEN;STOCKHOLM;STORE 2;PRODUCT 5;111;142
2015;43;SWEDEN;STOCKHOLM;STORE 1;PRODUCT 8;102;67
2014;40;SWEDEN;STOCKHOLM;STORE 3;PRODUCT 2;110;74
2011;20;SWEDEN;STOCKHOLM;STORE 6;PRODUCT 6;80;92
2015;39;SWEDEN;STOCKHOLM;STORE 4;PRODUCT 10;53;71
2012;34;SWEDEN;STOCKHOLM;STORE 3;PRODUCT 7;55;116
2012;38;SWEDEN;STOCKHOLM;STORE 5;PRODUCT 10;109;145
2013;28;SWEDEN;STOCKHOLM;STORE 5;PRODUCT 5;114;140
2014;33;SWEDEN;STOCKHOLM;STORE 6;PRODUCT 2;30;119
2014;33;SWEDEN;STOCKHOLM;STORE 3;PRODUCT 4;61;93
2013;31;SWEDEN;STOCKHOLM;STORE 4;PRODUCT 10;26;100
2012;25;SWEDEN;STOCKHOLM;STORE 2;PRODUCT 7;25;100
2010;46;SWEDEN;STOCKHOLM;STORE 4;PRODUCT 3;116;94
2010;13;SWEDEN;STOCKHOLM;STORE 4;PRODUCT 4;34;116
2012;15;SWEDEN;STOCKHOLM;STORE 1;PRODUCT 6;22;55
2015;31;SWEDEN;STOCKHOLM;STORE 5;PRODUCT 11;93;112
2015;15;SWEDEN;STOCKHOLM;STORE 6;PRODUCT 10;45;131
2013;43;SWEDEN;STOCKHOLM;STORE 2;PRODUCT 6;58;134
2010;23;SWEDEN;STOCKHOLM;STORE 6;PRODUCT 6;40;67
2012;50;SWEDEN;STOCKHOLM;STORE 5;PRODUCT 7;103;56
2011;21;SWEDEN;STOCKHOLM;STORE 3;PRODUCT 2;64;111
2012;32;SWEDEN;STOCKHOLM;STORE 5;PRODUCT 4;99;146
2014;14;SWEDEN;STOCKHOLM;STORE 5;PRODUCT 5;107;139
2014;11;SWEDEN;STOCKHOLM;STORE 1;PRODUCT 8;115;116
2014;15;SWEDEN;STOCKHOLM;STORE 4;PRODUCT 5;81;147
2012;30;SWEDEN;STOCKHOLM;STORE 3;PRODUCT 2;113;63
2011;15;SWEDEN;STOCKHOLM;STORE 4;PRODUCT 7;114;124
2011;18;SWEDEN;STOCKHOLM;STORE 4;PRODUCT 2;115;84
2011;27;SWEDEN;STOCKHOLM;STORE 5;PRODUCT 1;93;144
2013;41;SWEDEN;STOCKHOLM;STORE 3;PRODUCT 9;47;122
2013;24;SWEDEN;STOCKHOLM;STORE 2;PRODUCT 9;107;133
2014;51;SWEDEN;STOCKHOLM;STORE 4;PRODUCT 10;106;115
2012; 2;SWEDEN;STOCKHOLM;STORE 2;PRODUCT 4;102;141
2014;25;SWEDEN;STOCKHOLM;STORE 5;PRODUCT 3;38;108
2014;32;SWEDEN;STOCKHOLM;STORE 3;PRODUCT 2;63;97
2010;41;SWEDEN;STOCKHOLM;STORE 3;PRODUCT 6;33;136
2015;49;SWEDEN;STOCKHOLM;STORE 4;PRODUCT 7;92;138
2014;33;SWEDEN;STOCKHOLM;STORE 6;PRODUCT 2;49;144
2013;16;SWEDEN;STOCKHOLM;STORE 4;PRODUCT 2;101;138
2013;25;SWEDEN;STOCKHOLM;STORE 6;PRODUCT 6;117;78
2013;48;SWEDEN;STOCKHOLM;STORE 2;PRODUCT 7;60;140
2015;22;SWEDEN;STOCKHOLM;STORE 2;PRODUCT 8;104;144
2012;41;SWEDEN;STOCKHOLM;STORE 1;PRODUCT 9;54;80
2012; 3;SWEDEN;STOCKHOLM;STORE 3;PRODUCT 4;26;88
2013;42;SWEDEN;STOCKHOLM;STORE 2;PRODUCT 10;44;52
2014;41;SWEDEN;STOCKHOLM;STORE 5;PRODUCT 11;21;93
2014;14;SWEDEN;STOCKHOLM;STORE 2;PRODUCT 7;78;62
2011;49;SWEDEN;STOCKHOLM;STORE 2;PRODUCT 2;112;147
2012;36;SWEDEN;STOCKHOLM;STORE 5;PRODUCT 9;69;121
2011; 6;SWEDEN;STOCKHOLM;STORE 1;PRODUCT 5;51;143
2011;27;SWEDEN;STOCKHOLM;STORE 4;PRODUCT 3;46;135
2013;14;SWEDEN;STOCKHOLM;STORE 2;PRODUCT 1;77;92
2013;21;SWEDEN;STOCKHOLM;STORE 3;PRODUCT 11;33;87
2011;12;SWEDEN;STOCKHOLM;STORE 4;PRODUCT 5;79;131
2014; 3;SWEDEN;STOCKHOLM;STORE 3;PRODUCT 6;54;144
2014;14;SWEDEN;STOCKHOLM;STORE 6;PRODUCT 6;104;122
2011;22;SWEDEN;STOCKHOLM;STORE 4;PRODUCT 4;30;91
2015;35;SWEDEN;STOCKHOLM;STORE 3;PRODUCT 9;98;69
2012; 4;SWEDEN;STOCKHOLM;STORE 3;PRODUCT 3;87;137
2012; 2;SWEDEN;STOCKHOLM;STORE 4;PRODUCT 2;24;78
2010; 2;SWEDEN;STOCKHOLM;STORE 3;PRODUCT 3;74;99
2013;32;SWEDEN;STOCKHOLM;STORE 4;PRODUCT 7;92;137
2010;32;SWEDEN;STOCKHOLM;STORE 1;PRODUCT 2;47;100
2013;12;SWEDEN;STOCKHOLM;STORE 3;PRODUCT 3;44;128
2012;13;SWEDEN;STOCKHOLM;STORE 6;PRODUCT 10;86;127
2012;47;SWEDEN;STOCKHOLM;STORE 4;PRODUCT 10;114;69
2014;42;SWEDEN;STOCKHOLM;STORE 2;PRODUCT 5;24;111
2013;50;SWEDEN;STOCKHOLM;STORE 1;PRODUCT 10;92;117
2013; 8;SWEDEN;STOCKHOLM;STORE 5;PRODUCT 3;90;75
2011; 6;SWEDEN;STOCKHOLM;STORE 1;PRODUCT 4;33;115
2014;47;SWEDEN;STOCKHOLM;STORE 4;PRODUCT 3;39;60
2014;42;SWEDEN;STOCKHOLM;STORE 5;PRODUCT 11;47;135
2013;24;SWEDEN;STOCKHOLM;STORE 5;PRODUCT 3;103;97
2011;12;SWEDEN;STOCKHOLM;STORE 5;PRODUCT 1;91;84
2015; 4;SWEDEN;STOCKHOLM;STORE 1;PRODUCT 3;115;59
2011;33;SWEDEN;STOCKHOLM;STORE 2;PRODUCT 5;77;112
2014;10;SWEDEN;STOCKHOLM;STORE 3;PRODUCT 8;21;112
2013;50;SWEDEN;STOCKHOLM;STORE 6;PRODUCT 2;81;131
2015; 5;SWEDEN;STOCKHOLM;STORE 3;PRODUCT 3;81;65
2010;47;SWEDEN;STOCKHOLM;STORE 5;PRODUCT 7;109;130
2011; 2;SWEDEN;STOCKHOLM;STORE 6;PRODUCT 10;64;95
2010;27;SWEDEN;STOCKHOLM;STORE 3;PRODUCT 6;115;77
2011;51;SWEDEN;STOCKHOLM;STORE 4;PRODUCT 9;57;146
2014;35;SWEDEN;STOCKHOLM;STORE 5;PRODUCT 5;24;54
2012;25;SWEDEN;STOCKHOLM;STORE 3;PRODUCT 9;94;79
2010; 9;SWEDEN;STOCKHOLM;STORE 2;PRODUCT 1;99;62
2015;24;SWEDEN;STOCKHOLM;STORE 3;PRODUCT 8;114;132
2015;36;SWEDEN;STOCKHOLM;STORE 5;PRODUCT 4;30;108
2011;10;SWEDEN;STOCKHOLM;STORE 4;PRODUCT 7;98;68
2014;47;SWEDEN;STOCKHOLM;STORE 2;PRODUCT 7;119;97
2011;10;SWEDEN;STOCKHOLM;STORE 5;PRODUCT 7;118;85
2011;15;SWEDEN;STOCKHOLM;STORE 4;PRODUCT 3;93;132
2014;34;SWEDEN;STOCKHOLM;STORE 5;PRODUCT 11;35;131
2012;49;SWEDEN;STOCKHOLM;STORE 2;PRODUCT 9;83;80
2011;23;SWEDEN;STOCKHOLM;STORE 3;PRODUCT 4;50;53
2012; 6;SWEDEN;STOCKHOLM;STORE 5;PRODUCT 1;82;95
2014;23;SWEDEN;STOCKHOLM;STORE 2;PRODUCT 11;62;110
2013;24;SWEDEN;STOCKHOLM;STORE 5;PRODUCT 9;103;117
2014; 9;SWEDEN;STOCKHOLM;STORE 6;PRODUCT 4;53;142
2012;12;SWEDEN;STOCKHOLM;STORE 5;PRODUCT 4;25;120
2013;10;SWEDEN;STOCKHOLM;STORE 5;PRODUCT 6;69;92
2012;44;SWEDEN;STOCKHOLM;STORE 5;PRODUCT 5;65;105
2010;31;SWEDEN;STOCKHOLM;STORE 5;PRODUCT 7;38;135
2015;14;SWEDEN;STOCKHOLM;STORE 3;PRODUCT 5;86;76
2011;28;SWEDEN;STOCKHOLM;STORE 6;PRODUCT 8;95;114
2012;19;SWEDEN;STOCKHOLM;STORE 4;PRODUCT 4;81;57
2011;38;SWEDEN;STOCKHOLM;STORE 4;PRODUCT 4;56;95
2012;25;SWEDEN;STOCKHOLM;STORE 2;PRODUCT 8;115;99
2012;17;SWEDEN;STOCKHOLM;STORE 5;PRODUCT 9;24;149
2014;19;SWEDEN;STOCKHOLM;STORE 5;PRODUCT 9;73;60
2014;31;SWEDEN;STOCKHOLM;STORE 6;PRODUCT 10;97;78
2014;33;SWEDEN;STOCKHOLM;STORE 3;PRODUCT 1;96;55
2011;38;SWEDEN;STOCKHOLM;STORE 3;PRODUCT 5;34;102
2011;14;SWEDEN;STOCKHOLM;STORE 2;PRODUCT 11;70;141
2011;10;SWEDEN;STOCKHOLM;STORE 4;PRODUCT 4;94;61
2011; 2;SWEDEN;STOCKHOLM;STORE 5;PRODUCT 9;69;99
2012;30;SWEDEN;STOCKHOLM;STORE 3;PRODUCT 9;71;55
2013; 2;SWEDEN;STOCKHOLM;STORE 5;PRODUCT 5;110;51
2010;22;SWEDEN;STOCKHOLM;STORE 4;PRODUCT 3;69;62
2015;21;SWEDEN;STOCKHOLM;STORE 3;PRODUCT 4;80;125
2011; 5;SWEDEN;STOCKHOLM;STORE 5;PRODUCT 2;31;75
2012;41;SWEDEN;STOCKHOLM;STORE 6;PRODUCT 5;42;132
2012;42;SWEDEN;STOCKHOLM;STORE 5;PRODUCT 6;95;65
2011;19;SWEDEN;STOCKHOLM;STORE 4;PRODUCT 3;102;116
2012;49;SWEDEN;STOCKHOLM;STORE 4;PRODUCT 9;101;111
2012;35;SWEDEN;STOCKHOLM;STORE 3;PRODUCT 2;49;80
2010;32;SWEDEN;STOCKHOLM;STORE 4;PRODUCT 2;92;125
2014;49;SWEDEN;STOCKHOLM;STORE 3;PRODUCT 10;85;93
2011; 5;SWEDEN;STOCKHOLM;STORE 6;PRODUCT 4;108;80
2011;38;SWEDEN;STOCKHOLM;STORE 2;PRODUCT 4;77;77
2014;22;SWEDEN;STOCKHOLM;STORE 5;PRODUCT 4;39;52
2013;36;SWEDEN;STOCKHOLM;STORE 5;PRODUCT 8;49;92
2011;29;SWEDEN;STOCKHOLM;STORE 3;PRODUCT 8;67;97
2014;41;SWEDEN;STOCKHOLM;STORE 5;PRODUCT 11;72;141
2012;18;SWEDEN;STOCKHOLM;STORE 2;PRODUCT 4;108;80
2012;44;SWEDEN;STOCKHOLM;STORE 5;PRODUCT 2;58;84
2012;49;SWEDEN;STOCKHOLM;STORE 3;PRODUCT 9;73;55
2011;28;SWEDEN;STOCKHOLM;STORE 6;PRODUCT 11;73;99
2012;38;SWEDEN;STOCKHOLM;STORE 6;PRODUCT 8;82;80
2011; 8;SWEDEN;STOCKHOLM;STORE 1;PRODUCT 5;89;61
2011;42;SWEDEN;STOCKHOLM;STORE 4;PRODUCT 6;110;109
2011;13;SWEDEN;STOCKHOLM;STORE 2;PRODUCT 5;77;67
2012;32;SWEDEN;STOCKHOLM;STORE 4;PRODUCT 8;96;91
2013;33;SWEDEN;STOCKHOLM;STORE 3;PRODUCT 3;52;104
2012;10;SWEDEN;STOCKHOLM;STORE 4;PRODUCT 5;111;72
2010;29;SWEDEN;STOCKHOLM;STORE 5;PRODUCT 7;21;115
2011;43;SWEDEN;STOCKHOLM;STORE 4;PRODUCT 6;88;104
2012;23;SWEDEN;STOCKHOLM;STORE 2;PRODUCT 3;103;84
2014;25;SWEDEN;STOCKHOLM;STORE 1;PRODUCT 3;40;140
2013;42;SWEDEN;STOCKHOLM;STORE 5;PRODUCT 5;57;62
2013;33;SWEDEN;STOCKHOLM;STORE 5;PRODUCT 8;80;76
2014;19;SWEDEN;STOCKHOLM;STORE 5;PRODUCT 9;88;80
2012;11;SWEDEN;STOCKHOLM;STORE 2;PRODUCT 1;22;121
2014; 2;SWEDEN;STOCKHOLM;STORE 2;PRODUCT 5;97;95
2014; 8;SWEDEN;STOCKHOLM;STORE 5;PRODUCT 8;56;139
2013;16;SWEDEN;STOCKHOLM;STORE 2;PRODUCT 6;34;105
2014;31;SWEDEN;STOCKHOLM;STORE 3;PRODUCT 8;86;60
2010;36;SWEDEN;STOCKHOLM;STORE 4;PRODUCT 7;86;135
2011;15;SWEDEN;STOCKHOLM;STORE 1;PRODUCT 10;97;93
2013;16;SWEDEN;STOCKHOLM;STORE 5;PRODUCT 7;50;113
2014;13;SWEDEN;STOCKHOLM;STORE 3;PRODUCT 6;46;66
2011;39;SWEDEN;STOCKHOLM;STORE 5;PRODUCT 9;107;94
2014;10;SWEDEN;STOCKHOLM;STORE 4;PRODUCT 6;22;120
2012;30;SWEDEN;STOCKHOLM;STORE 6;PRODUCT 5;38;120
2015;49;SWEDEN;STOCKHOLM;STORE 3;PRODUCT 4;114;143
2014;28;SWEDEN;STOCKHOLM;STORE 3;PRODUCT 10;36;56
2014; 9;SWEDEN;STOCKHOLM;STORE 3;PRODUCT 10;78;137
2013;15;SWEDEN;STOCKHOLM;STORE 5;PRODUCT 4;95;59
2013;34;SWEDEN;STOCKHOLM;STORE 2;PRODUCT 1;92;80
2013; 6;SWEDEN;STOCKHOLM;STORE 6;PRODUCT 6;91;75
2011;47;SWEDEN;STOCKHOLM;STORE 4;PRODUCT 3;43;51
2013; 9;SWEDEN;STOCKHOLM;STORE 3;PRODUCT 3;78;115
2014;25;SWEDEN;STOCKHOLM;STORE 3;PRODUCT 7;71;136
2011;33;SWEDEN;STOCKHOLM;STORE 3;PRODUCT 4;36;110
2013;36;SWEDEN;STOCKHOLM;STORE 3;PRODUCT 7;64;53
2015; 2;SWEDEN;STOCKHOLM;STORE 3;PRODUCT 6;74;115
2011;12;SWEDEN;STOCKHOLM;STORE 2;PRODUCT 4;61;74
2015; 2;SWEDEN;STOCKHOLM;STORE 1;PRODUCT 6;85;136
2011;45;SWEDEN;STOCKHOLM;STORE 4;PRODUCT 4;91;67
2013;47;SWEDEN;STOCKHOLM;STORE 4;PRODUCT 9;22;66
2011;46;SWEDEN;STOCKHOLM;STORE 2;PRODUCT 6;26;111
2012; 8;SWEDEN;STOCKHOLM;STORE 5;PRODUCT 5;30;63
2011;25;SWEDEN;STOCKHOLM;STORE 4;PRODUCT 7;26;138
2014;49;SWEDEN;STOCKHOLM;STORE 3;PRODUCT 11;89;66
2014;25;SWEDEN;STOCKHOLM;STORE 1;PRODUCT 10;83;69
2011;44;SWEDEN;STOCKHOLM;STORE 2;PRODUCT 5;54;55
2011;14;SWEDEN;STOCKHOLM;STORE 4;PRODUCT 9;20;56
2012;22;SWEDEN;STOCKHOLM;STORE 3;PRODUCT 8;83;51
2011; 2;SWEDEN;STOCKHOLM;STORE 3;PRODUCT 2;59;112
2014;49;SWEDEN;STOCKHOLM;STORE 4;PRODUCT 10;118;122
2011;26;SWEDEN;STOCKHOLM;STORE 2;PRODUCT 4;82;51
2010;25;SWEDEN;STOCKHOLM;STORE 3;PRODUCT 3;50;77
2012;27;SWEDEN;STOCKHOLM;STORE 2;PRODUCT 3;46;72
2011;48;SWEDEN;STOCKHOLM;STORE 4;PRODUCT 9;41;59
2014;50;SWEDEN;STOCKHOLM;STORE 4;PRODUCT 10;105;137
2012;49;SWEDEN;STOCKHOLM;STORE 3;PRODUCT 7;22;76
2013;34;SWEDEN;STOCKHOLM;STORE 4;PRODUCT 3;116;127
2014;39;SWEDEN;STOCKHOLM;STORE 5;PRODUCT 8;65;96
2014;39;SWEDEN;STOCKHOLM;STORE 5;PRODUCT 3;22;68
2011; 2;SWEDEN;STOCKHOLM;STORE 4;PRODUCT 3;79;108
2015; 9;SWEDEN;STOCKHOLM;STORE 4;PRODUCT 6;59;56
2015; 4;SWEDEN;STOCKHOLM;STORE 1;PRODUCT 6;82;69
2011;41;SWEDEN;STOCKHOLM;STORE 2;PRODUCT 10;33;108
2015; 2;SWEDEN;STOCKHOLM;STORE 4;PRODUCT 10;109;68
2012;11;SWEDEN;STOCKHOLM;STORE 4;PRODUCT 5;53;97
2012; 4;SWEDEN;STOCKHOLM;STORE 2;PRODUCT 3;94;67
2013;25;SWEDEN;STOCKHOLM;STORE 5;PRODUCT 9;49;96
2013;46;SWEDEN;STOCKHOLM;STORE 4;PRODUCT 10;37;118
2010;38;SWEDEN;STOCKHOLM;STORE 3;PRODUCT 5;28;147
2011;30;SWEDEN;STOCKHOLM;STORE 4;PRODUCT 6;38;148
2014;18;SWEDEN;STOCKHOLM;STORE 1;PRODUCT 3;99;90
2010;42;SWEDEN;STOCKHOLM;STORE 3;PRODUCT 9;101;64
2013;30;SWEDEN;STOCKHOLM;STORE 1;PRODUCT 3;67;118
2013;25;SWEDEN;STOCKHOLM;STORE 1;PRODUCT 7;70;112
2011; 2;SWEDEN;STOCKHOLM;STORE 2;PRODUCT 10;73;65
2011;13;SWEDEN;STOCKHOLM;STORE 4;PRODUCT 2;22;69
2014;38;SWEDEN;STOCKHOLM;STORE 4;PRODUCT 9;54;119
2015;12;SWEDEN;STOCKHOLM;STORE 2;PRODUCT 3;112;100
2010; 6;SWEDEN;STOCKHOLM;STORE 3;PRODUCT 6;79;81
2013;41;SWEDEN;STOCKHOLM;STORE 3;PRODUCT 5;29;56
2011;34;SWEDEN;STOCKHOLM;STORE 4;PRODUCT 1;82;54
2015; 8;SWEDEN;STOCKHOLM;STORE 4;PRODUCT 1;107;64
2015;44;SWEDEN;STOCKHOLM;STORE 2;PRODUCT 8;48;83
2011;24;SWEDEN;STOCKHOLM;STORE 4;PRODUCT 1;82;120
2013;27;SWEDEN;STOCKHOLM;STORE 4;PRODUCT 5;105;51
2012;12;SWEDEN;STOCKHOLM;STORE 2;PRODUCT 3;108;126
2012;19;SWEDEN;STOCKHOLM;STORE 5;PRODUCT 3;32;133
2012;44;SWEDEN;STOCKHOLM;STORE 4;PRODUCT 6;80;77
2013; 7;SWEDEN;STOCKHOLM;STORE 5;PRODUCT 7;116;66
2011;15;SWEDEN;STOCKHOLM;STORE 4;PRODUCT 11;103;110
2014;11;SWEDEN;STOCKHOLM;STORE 4;PRODUCT 4;106;66
2015; 4;SWEDEN;STOCKHOLM;STORE 3;PRODUCT 2;114;143
2014;12;SWEDEN;STOCKHOLM;STORE 3;PRODUCT 9;102;106
2012;12;SWEDEN;STOCKHOLM;STORE 5;PRODUCT 6;71;57
2014;45;SWEDEN;STOCKHOLM;STORE 4;PRODUCT 3;63;135
2010;16;SWEDEN;STOCKHOLM;STORE 5;PRODUCT 8;109;113
2011;10;SWEDEN;STOCKHOLM;STORE 3;PRODUCT 3;25;147
2014;50;SWEDEN;STOCKHOLM;STORE 6;PRODUCT 4;109;102
2010;18;SWEDEN;STOCKHOLM;STORE 3;PRODUCT 5;36;114
2013;14;SWEDEN;STOCKHOLM;STORE 2;PRODUCT 8;104;88
2012;24;SWEDEN;STOCKHOLM;STORE 6;PRODUCT 3;35;53
2012;48;SWEDEN;STOCKHOLM;STORE 3;PRODUCT 9;96;101
2012;22;SWEDEN;STOCKHOLM;STORE 4;PRODUCT 4;95;59
2014;23;SWEDEN;STOCKHOLM;STORE 2;PRODUCT 6;31;65
2014;13;SWEDEN;STOCKHOLM;STORE 1;PRODUCT 9;71;122
2011;50;SWEDEN;STOCKHOLM;STORE 5;PRODUCT 5;74;59
2014;14;SWEDEN;STOCKHOLM;STORE 4;PRODUCT 11;65;74
2011;18;SWEDEN;STOCKHOLM;STORE 2;PRODUCT 7;100;91
2014;38;SWEDEN;STOCKHOLM;STORE 3;PRODUCT 8;59;77
2011;34;SWEDEN;STOCKHOLM;STORE 4;PRODUCT 2;72;74
2015;32;SWEDEN;STOCKHOLM;STORE 1;PRODUCT 4;69;86
2011;34;SWEDEN;STOCKHOLM;STORE 3;PRODUCT 4;85;104
2015;32;SWEDEN;STOCKHOLM;STORE 2;PRODUCT 3;79;60
2013; 3;SWEDEN;STOCKHOLM;STORE 2;PRODUCT 9;67;57
2010;44;SWEDEN;STOCKHOLM;STORE 6;PRODUCT 7;39;86
2012;34;SWEDEN;STOCKHOLM;STORE 4;PRODUCT 8;76;121
2014;26;SWEDEN;STOCKHOLM;STORE 5;PRODUCT 3;85;147
2011; 2;SWEDEN;STOCKHOLM;STORE 2;PRODUCT 2;91;87
2013;41;SWEDEN;STOCKHOLM;STORE 3;PRODUCT 6;81;95
2011;46;SWEDEN;STOCKHOLM;STORE 2;PRODUCT 11;75;142
2011;27;SWEDEN;STOCKHOLM;STORE 3;PRODUCT 10;30;83
2013;24;SWEDEN;STOCKHOLM;STORE 3;PRODUCT 10;71;147
2014;38;SWEDEN;STOCKHOLM;STORE 2;PRODUCT 7;58;104
2013;24;SWEDEN;STOCKHOLM;STORE 1;PRODUCT 8;107;86
2014;23;SWEDEN;STOCKHOLM;STORE 1;PRODUCT 9;46;146
2015;50;SWEDEN;STOCKHOLM;STORE 1;PRODUCT 3;115;82
2014; 7;SWEDEN;STOCKHOLM;STORE 5;PRODUCT 4;105;60
2010;34;SWEDEN;STOCKHOLM;STORE 4;PRODUCT 8;44;96
2013;15;SWEDEN;STOCKHOLM;STORE 3;PRODUCT 10;70;79
2011; 2;SWEDEN;STOCKHOLM;STORE 1;PRODUCT 4;61;58
2010; 1;SWEDEN;STOCKHOLM;STORE 5;PRODUCT 9;43;81
2012;17;SWEDEN;STOCKHOLM;STORE 2;PRODUCT 10;106;52
2015;22;SWEDEN;STOCKHOLM;STORE 3;PRODUCT 5;97;66
2011;21;SWEDEN;STOCKHOLM;STORE 3;PRODUCT 11;54;111
2012;12;SWEDEN;STOCKHOLM;STORE 4;PRODUCT 4;56;148
2012;37;SWEDEN;STOCKHOLM;STORE 3;PRODUCT 5;28;57
2013;29;SWEDEN;STOCKHOLM;STORE 5;PRODUCT 2;105;102
2014;42;SWEDEN;STOCKHOLM;STORE 4;PRODUCT 9;90;129
2011;41;SWEDEN;STOCKHOLM;STORE 3;PRODUCT 2;32;62
2014;41;SWEDEN;STOCKHOLM;STORE 5;PRODUCT 2;69;129
2012;37;SWEDEN;STOCKHOLM;STORE 5;PRODUCT 10;50;83
2011;41;SWEDEN;STOCKHOLM;STORE 5;PRODUCT 3;110;74
2011;19;SWEDEN;STOCKHOLM;STORE 4;PRODUCT 6;44;71
2015;33;SWEDEN;STOCKHOLM;STORE 5;PRODUCT 6;107;60
2012;33;SWEDEN;STOCKHOLM;STORE 6;PRODUCT 4;30;71
2013;12;SWEDEN;STOCKHOLM;STORE 6;PRODUCT 11;65;74
2012; 3;SWEDEN;STOCKHOLM;STORE 2;PRODUCT 8;107;74
2010;47;SWEDEN;STOCKHOLM;STORE 3;PRODUCT 5;43;97
2013;14;SWEDEN;STOCKHOLM;STORE 5;PRODUCT 9;112;57
2014;14;SWEDEN;STOCKHOLM;STORE 4;PRODUCT 5;73;147
2012;14;SWEDEN;STOCKHOLM;STORE 5;PRODUCT 7;95;126
2012;24;SWEDEN;STOCKHOLM;STORE 4;PRODUCT 2;33;146
2012; 2;SWEDEN;STOCKHOLM;STORE 5;PRODUCT 7;43;64
2011;40;SWEDEN;STOCKHOLM;STORE 3;PRODUCT 10;77;56
2012;14;SWEDEN;STOCKHOLM;STORE 5;PRODUCT 10;71;53
2012;40;SWEDEN;STOCKHOLM;STORE 4;PRODUCT 5;91;83
2012; 9;SWEDEN;STOCKHOLM;STORE 2;PRODUCT 7;117;66
2012;40;SWEDEN;STOCKHOLM;STORE 3;PRODUCT 4;32;70
2015;41;SWEDEN;STOCKHOLM;STORE 2;PRODUCT 1;31;51
2013;43;SWEDEN;STOCKHOLM;STORE 3;PRODUCT 5;31;125
2014; 2;SWEDEN;STOCKHOLM;STORE 2;PRODUCT 9;85;94
2015;37;SWEDEN;STOCKHOLM;STORE 4;PRODUCT 5;102;112
2011;32;SWEDEN;STOCKHOLM;STORE 4;PRODUCT 5;40;137
2011;50;SWEDEN;STOCKHOLM;STORE 5;PRODUCT 9;32;82
2013;42;SWEDEN;STOCKHOLM;STORE 3;PRODUCT 2;29;120
2013;44;SWEDEN;STOCKHOLM;STORE 5;PRODUCT 10;115;52
2013;35;SWEDEN;STOCKHOLM;STORE 5;PRODUCT 7;33;63
2013;48;SWEDEN;STOCKHOLM;STORE 2;PRODUCT 9;44;56
2012;46;SWEDEN;STOCKHOLM;STORE 4;PRODUCT 2;63;75
2011;35;SWEDEN;STOCKHOLM;STORE 2;PRODUCT 8;90;96
2012;44;SWEDEN;STOCKHOLM;STORE 5;PRODUCT 3;83;89
2014;17;SWEDEN;STOCKHOLM;STORE 2;PRODUCT 5;92;85
2014;28;SWEDEN;STOCKHOLM;STORE 1;PRODUCT 4;55;77
2011;18;SWEDEN;STOCKHOLM;STORE 2;PRODUCT 7;107;116
2014;21;SWEDEN;STOCKHOLM;STORE 2;PRODUCT 11;87;72
2013;20;SWEDEN;STOCKHOLM;STORE 5;PRODUCT 2;66;97
2015;19;SWEDEN;STOCKHOLM;STORE 2;PRODUCT 10;70;104
2015;21;SWEDEN;STOCKHOLM;STORE 1;PRODUCT 10;24;53
2014;23;SWEDEN;STOCKHOLM;STORE 4;PRODUCT 9;74;85
2015;44;SWEDEN;STOCKHOLM;STORE 3;PRODUCT 5;53;94
2014;10;SWEDEN;STOCKHOLM;STORE 5;PRODUCT 9;98;85
2014;50;SWEDEN;STOCKHOLM;STORE 2;PRODUCT 2;114;148
2010; 3;SWEDEN;STOCKHOLM;STORE 4;PRODUCT 5;109;81
2010;50;SWEDEN;STOCKHOLM;STORE 4;PRODUCT 10;58;88
2014;21;SWEDEN;STOCKHOLM;STORE 6;PRODUCT 8;110;72
2015; 8;SWEDEN;STOCKHOLM;STORE 2;PRODUCT 11;35;61
2012;17;SWEDEN;STOCKHOLM;STORE 4;PRODUCT 9;73;96
2013;13;SWEDEN;STOCKHOLM;STORE 6;PRODUCT 10;66;141
2013;32;SWEDEN;STOCKHOLM;STORE 5;PRODUCT 4;87;124
2011; 5;SWEDEN;STOCKHOLM;STORE 4;PRODUCT 9;98;124
2014;23;SWEDEN;STOCKHOLM;STORE 6;PRODUCT 2;90;106
2010; 7;SWEDEN;STOCKHOLM;STORE 2;PRODUCT 11;110;71
2012;37;SWEDEN;STOCKHOLM;STORE 1;PRODUCT 4;57;130
2013;31;SWEDEN;STOCKHOLM;STORE 4;PRODUCT 2;119;72
2015;49;SWEDEN;STOCKHOLM;STORE 3;PRODUCT 4;53;101
2013;25;SWEDEN;STOCKHOLM;STORE 4;PRODUCT 4;88;124
2011;25;SWEDEN;STOCKHOLM;STORE 5;PRODUCT 9;114;87
2015;48;SWEDEN;STOCKHOLM;STORE 2;PRODUCT 5;105;92
2014;48;SWEDEN;STOCKHOLM;STORE 2;PRODUCT 2;38;54
2012;48;SWEDEN;STOCKHOLM;STORE 2;PRODUCT 4;68;74
2010;11;SWEDEN;STOCKHOLM;STORE 4;PRODUCT 7;58;145
2013;40;SWEDEN;STOCKHOLM;STORE 2;PRODUCT 6;68;76
2012;31;SWEDEN;STOCKHOLM;STORE 6;PRODUCT 6;35;64
2014;19;SWEDEN;STOCKHOLM;STORE 5;PRODUCT 9;115;104
2010;33;SWEDEN;STOCKHOLM;STORE 1;PRODUCT 6;27;131
2013;10;SWEDEN;STOCKHOLM;STORE 1;PRODUCT 4;58;102
2011;34;SWEDEN;STOCKHOLM;STORE 2;PRODUCT 7;116;102
2012;20;SWEDEN;STOCKHOLM;STORE 4;PRODUCT 8;69;133
2013;29;SWEDEN;STOCKHOLM;STORE 4;PRODUCT 5;66;121
2013; 8;SWEDEN;STOCKHOLM;STORE 5;PRODUCT 6;98;52
2014;29;SWEDEN;STOCKHOLM;STORE 3;PRODUCT 8;90;134
2013;45;SWEDEN;STOCKHOLM;STORE 3;PRODUCT 6;56;101
2013;17;SWEDEN;STOCKHOLM;STORE 5;PRODUCT 6;109;105
2015;36;SWEDEN;STOCKHOLM;STORE 1;PRODUCT 11;53;125
2014;19;SWEDEN;STOCKHOLM;STORE 2;PRODUCT 8;30;66
2010;39;SWEDEN;STOCKHOLM;STORE 4;PRODUCT 3;103;116
2012;32;SWEDEN;STOCKHOLM;STORE 1;PRODUCT 3;38;136
2012;29;SWEDEN;STOCKHOLM;STORE 4;PRODUCT 11;88;145
2011;48;SWEDEN;STOCKHOLM;STORE 6;PRODUCT 11;72;123
2014;49;SWEDEN;STOCKHOLM;STORE 3;PRODUCT 9;79;55
2013;23;SWEDEN;STOCKHOLM;STORE 2;PRODUCT 10;45;116
2014;10;SWEDEN;STOCKHOLM;STORE 2;PRODUCT 8;102;107
2011;40;SWEDEN;STOCKHOLM;STORE 4;PRODUCT 7;58;66
2010; 4;SWEDEN;STOCKHOLM;STORE 5;PRODUCT 10;50;84
2014;16;SWEDEN;STOCKHOLM;STORE 5;PRODUCT 10;93;98
2013;25;SWEDEN;STOCKHOLM;STORE 1;PRODUCT 9;25;85
2015;40;SWEDEN;STOCKHOLM;STORE 3;PRODUCT 9;115;102
2011;39;SWEDEN;STOCKHOLM;STORE 6;PRODUCT 5;73;149
2015; 9;SWEDEN;STOCKHOLM;STORE 5;PRODUCT 9;41;98
2014;38;SWEDEN;STOCKHOLM;STORE 5;PRODUCT 11;118;68
2012;49;SWEDEN;STOCKHOLM;STORE 1;PRODUCT 5;70;113
2010; 8;SWEDEN;STOCKHOLM;STORE 6;PRODUCT 11;94;71
2013;22;SWEDEN;STOCKHOLM;STORE 5;PRODUCT 4;68;85
2012;33;SWEDEN;STOCKHOLM;STORE 2;PRODUCT 1;24;62
2013;25;SWEDEN;STOCKHOLM;STORE 4;PRODUCT 9;57;112
2014;12;SWEDEN;STOCKHOLM;STORE 2;PRODUCT 5;26;93
2014;22;SWEDEN;STOCKHOLM;STORE 6;PRODUCT 2;84;108
2010; 7;SWEDEN;STOCKHOLM;STORE 5;PRODUCT 5;91;147
2014;43;SWEDEN;STOCKHOLM;STORE 6;PRODUCT 2;29;54
2013; 6;SWEDEN;STOCKHOLM;STORE 2;PRODUCT 2;78;54
2013;40;SWEDEN;STOCKHOLM;STORE 2;PRODUCT 3;21;123
2013;14;SWEDEN;STOCKHOLM;STORE 5;PRODUCT 8;66;149
2010;30;SWEDEN;STOCKHOLM;STORE 2;PRODUCT 6;75;112
2013;18;SWEDEN;STOCKHOLM;STORE 5;PRODUCT 10;45;115
2015; 6;SWEDEN;STOCKHOLM;STORE 5;PRODUCT 10;89;118
2015;22;SWEDEN;STOCKHOLM;STORE 4;PRODUCT 5;116;130
2014;36;SWEDEN;STOCKHOLM;STORE 6;PRODUCT 4;71;58
2014;11;SWEDEN;STOCKHOLM;STORE 3;PRODUCT 4;33;52
2013;16;SWEDEN;STOCKHOLM;STORE 4;PRODUCT 9;88;57
2010;35;SWEDEN;STOCKHOLM;STORE 4;PRODUCT 4;43;107
2011;49;SWEDEN;STOCKHOLM;STORE 3;PRODUCT 11;20;104
2014;47;SWEDEN;STOCKHOLM;STORE 3;PRODUCT 8;57;126
2011;37;SWEDEN;STOCKHOLM;STORE 5;PRODUCT 6;50;121
2014;45;SWEDEN;STOCKHOLM;STORE 2;PRODUCT 3;21;68
2014;29;SWEDEN;STOCKHOLM;STORE 3;PRODUCT 8;90;115
2010; 8;SWEDEN;STOCKHOLM;STORE 4;PRODUCT 8;75;106
2015;42;SWEDEN;STOCKHOLM;STORE 5;PRODUCT 7;77;85
2015;17;SWEDEN;STOCKHOLM;STORE 3;PRODUCT 7;73;95
2014;24;SWEDEN;STOCKHOLM;STORE 5;PRODUCT 7;35;93
2011; 4;SWEDEN;STOCKHOLM;STORE 1;PRODUCT 2;66;89
2014; 6;SWEDEN;STOCKHOLM;STORE 4;PRODUCT 9;85;96
2013;13;SWEDEN;STOCKHOLM;STORE 2;PRODUCT 7;115;59
2014;34;SWEDEN;STOCKHOLM;STORE 3;PRODUCT 9;108;136
2011;42;SWEDEN;STOCKHOLM;STORE 3;PRODUCT 11;76;132
2014;36;SWEDEN;STOCKHOLM;STORE 3;PRODUCT 4;87;86
2012;24;SWEDEN;STOCKHOLM;STORE 4;PRODUCT 5;51;57
2010;30;SWEDEN;STOCKHOLM;STORE 5;PRODUCT 4;63;91
2010;46;SWEDEN;STOCKHOLM;STORE 4;PRODUCT 3;83;120
2012;43;SWEDEN;STOCKHOLM;STORE 6;PRODUCT 4;105;140
2011;28;SWEDEN;STOCKHOLM;STORE 6;PRODUCT 4;116;55
2012; 6;SWEDEN;STOCKHOLM;STORE 3;PRODUCT 8;69;140
2012;20;SWEDEN;STOCKHOLM;STORE 6;PRODUCT 10;42;148
2015;26;SWEDEN;STOCKHOLM;STORE 3;PRODUCT 8;90;143
2012;42;SWEDEN;STOCKHOLM;STORE 2;PRODUCT 8;66;127
2011;17;SWEDEN;STOCKHOLM;STORE 5;PRODUCT 5;47;124
2010;40;SWEDEN;STOCKHOLM;STORE 5;PRODUCT 8;52;102
2012;12;SWEDEN;STOCKHOLM;STORE 3;PRODUCT 6;105;147
2012;23;SWEDEN;STOCKHOLM;STORE 2;PRODUCT 7;84;87
2012;38;SWEDEN;STOCKHOLM;STORE 5;PRODUCT 4;57;72
2011;24;SWEDEN;STOCKHOLM;STORE 2;PRODUCT 9;86;114
2011;35;SWEDEN;STOCKHOLM;STORE 2;PRODUCT 8;52;80
2013;43;SWEDEN;STOCKHOLM;STORE 4;PRODUCT 2;45;95
2010;36;SWEDEN;STOCKHOLM;STORE 2;PRODUCT 5;45;53
2014;22;SWEDEN;STOCKHOLM;STORE 2;PRODUCT 4;80;72
2014; 4;SWEDEN;STOCKHOLM;STORE 2;PRODUCT 5;37;69
2011; 9;SWEDEN;STOCKHOLM;STORE 2;PRODUCT 10;24;137
2012;14;SWEDEN;STOCKHOLM;STORE 2;PRODUCT 8;56;91
2015;31;SWEDEN;STOCKHOLM;STORE 5;PRODUCT 8;111;142
2012;33;SWEDEN;STOCKHOLM;STORE 4;PRODUCT 8;34;86
2012;42;SWEDEN;STOCKHOLM;STORE 1;PRODUCT 8;78;150
2012; 6;SWEDEN;STOCKHOLM;STORE 1;PRODUCT 5;63;99
2014; 8;SWEDEN;STOCKHOLM;STORE 2;PRODUCT 10;111;70
2011; 1;SWEDEN;STOCKHOLM;STORE 3;PRODUCT 2;31;64
2015; 1;SWEDEN;STOCKHOLM;STORE 4;PRODUCT 8;55;146
2015;10;SWEDEN;STOCKHOLM;STORE 4;PRODUCT 6;104;133
2011;25;SWEDEN;STOCKHOLM;STORE 4;PRODUCT 2;31;114
2010; 6;SWEDEN;STOCKHOLM;STORE 5;PRODUCT 3;70;80
2015;24;SWEDEN;STOCKHOLM;STORE 6;PRODUCT 4;40;106
2011;14;SWEDEN;STOCKHOLM;STORE 3;PRODUCT 8;49;140
2013;19;SWEDEN;STOCKHOLM;STORE 5;PRODUCT 9;47;113
2015;38;SWEDEN;STOCKHOLM;STORE 4;PRODUCT 8;60;106
2013;14;SWEDEN;STOCKHOLM;STORE 2;PRODUCT 1;72;100
2015; 3;SWEDEN;STOCKHOLM;STORE 5;PRODUCT 5;40;134
2014;46;SWEDEN;STOCKHOLM;STORE 6;PRODUCT 5;74;104
2013;18;SWEDEN;STOCKHOLM;STORE 4;PRODUCT 7;32;110
2014;15;SWEDEN;STOCKHOLM;STORE 1;PRODUCT 4;92;117
2013;30;SWEDEN;STOCKHOLM;STORE 5;PRODUCT 8;116;67
2012;40;SWEDEN;STOCKHOLM;STORE 3;PRODUCT 3;51;53
2010;22;SWEDEN;STOCKHOLM;STORE 3;PRODUCT 3;65;88
2013; 8;SWEDEN;STOCKHOLM;STORE 6;PRODUCT 3;92;62
2012; 4;SWEDEN;STOCKHOLM;STORE 2;PRODUCT 11;73;81
2011;45;SWEDEN;STOCKHOLM;STORE 6;PRODUCT 10;56;148
2012;23;SWEDEN;STOCKHOLM;STORE 2;PRODUCT 5;61;91
2014; 3;SWEDEN;STOCKHOLM;STORE 3;PRODUCT 10;91;119
2013; 8;SWEDEN;STOCKHOLM;STORE 3;PRODUCT 7;72;97
2010;19;SWEDEN;STOCKHOLM;STORE 5;PRODUCT 9;107;146
2013; 5;SWEDEN;STOCKHOLM;STORE 2;PRODUCT 7;33;60
2014;41;SWEDEN;STOCKHOLM;STORE 1;PRODUCT 6;107;58
2011;50;SWEDEN;STOCKHOLM;STORE 6;PRODUCT 8;30;110
2011; 3;SWEDEN;STOCKHOLM;STORE 1;PRODUCT 8;41;58
2015; 2;SWEDEN;STOCKHOLM;STORE 5;PRODUCT 8;70;145
2013;11;SWEDEN;STOCKHOLM;STORE 4;PRODUCT 7;51;75
2012;49;SWEDEN;STOCKHOLM;STORE 2;PRODUCT 10;67;128
2010;17;SWEDEN;STOCKHOLM;STORE 2;PRODUCT 8;49;70
2012;15;SWEDEN;STOCKHOLM;STORE 2;PRODUCT 7;119;70
2014;20;SWEDEN;STOCKHOLM;STORE 4;PRODUCT 6;119;120
2014;30;SWEDEN;STOCKHOLM;STORE 5;PRODUCT 5;24;150
2012;49;SWEDEN;STOCKHOLM;STORE 3;PRODUCT 4;67;117
2010;39;SWEDEN;STOCKHOLM;STORE 3;PRODUCT 2;22;99
2013; 8;SWEDEN;STOCKHOLM;STORE 4;PRODUCT 2;25;60
2012;25;SWEDEN;STOCKHOLM;STORE 2;PRODUCT 8;107;95
2014;22;SWEDEN;STOCKHOLM;STORE 1;PRODUCT 4;46;111
2011;33;SWEDEN;STOCKHOLM;STORE 1;PRODUCT 9;118;50
2010; 2;SWEDEN;STOCKHOLM;STORE 5;PRODUCT 11;120;119
2011; 8;SWEDEN;STOCKHOLM;STORE 4;PRODUCT 1;118;133
2014;14;SWEDEN;STOCKHOLM;STORE 4;PRODUCT 2;32;54
2014; 4;SWEDEN;STOCKHOLM;STORE 6;PRODUCT 10;75;119
2013; 3;SWEDEN;STOCKHOLM;STORE 6;PRODUCT 10;96;64
2010;11;SWEDEN;STOCKHOLM;STORE 3;PRODUCT 9;21;89
2014;32;SWEDEN;STOCKHOLM;STORE 5;PRODUCT 3;46;57
2012;46;SWEDEN;STOCKHOLM;STORE 4;PRODUCT 2;76;91
2013;14;SWEDEN;STOCKHOLM;STORE 1;PRODUCT 7;49;73
2014;50;SWEDEN;STOCKHOLM;STORE 3;PRODUCT 10;92;123
2011;16;SWEDEN;STOCKHOLM;STORE 3;PRODUCT 5;50;133
2010; 6;SWEDEN;STOCKHOLM;STORE 1;PRODUCT 4;90;134
2014;28;SWEDEN;STOCKHOLM;STORE 2;PRODUCT 7;60;129
2011;31;SWEDEN;STOCKHOLM;STORE 5;PRODUCT 11;83;133
2015; 2;SWEDEN;STOCKHOLM;STORE 3;PRODUCT 6;78;97
2011;40;SWEDEN;STOCKHOLM;STORE 4;PRODUCT 2;108;138
2014;14;SWEDEN;STOCKHOLM;STORE 5;PRODUCT 6;39;89
2010;19;SWEDEN;STOCKHOLM;STORE 1;PRODUCT 9;50;129
2011;16;SWEDEN;STOCKHOLM;STORE 5;PRODUCT 8;114;118
2011;35;SWEDEN;STOCKHOLM;STORE 4;PRODUCT 6;90;115
2013;12;SWEDEN;STOCKHOLM;STORE 1;PRODUCT 6;104;120
2013;45;SWEDEN;STOCKHOLM;STORE 3;PRODUCT 1;106;147
2010;12;SWEDEN;STOCKHOLM;STORE 2;PRODUCT 6;89;100
2010; 6;SWEDEN;STOCKHOLM;STORE 3;PRODUCT 9;33;70
2014;14;SWEDEN;STOCKHOLM;STORE 4;PRODUCT 2;48;80
2013;51;SWEDEN;STOCKHOLM;STORE 4;PRODUCT 8;91;147
2011; 8;SWEDEN;STOCKHOLM;STORE 2;PRODUCT 5;21;68
2015;47;SWEDEN;STOCKHOLM;STORE 3;PRODUCT 10;118;58
2014;31;SWEDEN;STOCKHOLM;STORE 2;PRODUCT 5;21;115
2015;38;SWEDEN;STOCKHOLM;STORE 4;PRODUCT 11;73;56
2013;10;SWEDEN;STOCKHOLM;STORE 4;PRODUCT 2;50;53
2014; 3;SWEDEN;STOCKHOLM;STORE 1;PRODUCT 4;23;129
2012; 8;SWEDEN;STOCKHOLM;STORE 3;PRODUCT 10;42;69
2012; 8;SWEDEN;STOCKHOLM;STORE 6;PRODUCT 3;57;115
2011;44;SWEDEN;STOCKHOLM;STORE 1;PRODUCT 7;94;93
2013;11;SWEDEN;STOCKHOLM;STORE 6;PRODUCT 10;30;113
2013;27;SWEDEN;STOCKHOLM;STORE 4;PRODUCT 4;109;134
2011;39;SWEDEN;STOCKHOLM;STORE 2;PRODUCT 4;45;86
2011;31;SWEDEN;STOCKHOLM;STORE 4;PRODUCT 10;24;109
2013; 1;SWEDEN;STOCKHOLM;STORE 1;PRODUCT 10;117;128
2011; 2;SWEDEN;STOCKHOLM;STORE 1;PRODUCT 8;45;115
2011; 7;SWEDEN;STOCKHOLM;STORE 4;PRODUCT 3;69;69
2012; 2;SWEDEN;STOCKHOLM;STORE 6;PRODUCT 10;41;112
2011;27;SWEDEN;STOCKHOLM;STORE 3;PRODUCT 8;93;79
2011;22;SWEDEN;STOCKHOLM;STORE 2;PRODUCT 3;91;60
2015;27;SWEDEN;STOCKHOLM;STORE 1;PRODUCT 6;65;86
2011;44;SWEDEN;STOCKHOLM;STORE 2;PRODUCT 7;68;111
2013;18;SWEDEN;STOCKHOLM;STORE 6;PRODUCT 2;85;94
2014;28;SWEDEN;STOCKHOLM;STORE 2;PRODUCT 6;71;64
2015;31;SWEDEN;STOCKHOLM;STORE 3;PRODUCT 4;59;92
2011;37;SWEDEN;STOCKHOLM;STORE 4;PRODUCT 4;106;59
2011; 2;SWEDEN;STOCKHOLM;STORE 1;PRODUCT 4;57;54
2010;46;SWEDEN;STOCKHOLM;STORE 4;PRODUCT 10;72;82
2014;10;SWEDEN;STOCKHOLM;STORE 3;PRODUCT 2;60;142
2012; 2;SWEDEN;STOCKHOLM;STORE 5;PRODUCT 4;42;82
2010;42;SWEDEN;STOCKHOLM;STORE 2;PRODUCT 9;40;63
2014;26;SWEDEN;STOCKHOLM;STORE 3;PRODUCT 5;72;133
2011;36;SWEDEN;STOCKHOLM;STORE 5;PRODUCT 4;26;150
2013;45;SWEDEN;STOCKHOLM;STORE 2;PRODUCT 1;47;125
2013;46;SWEDEN;STOCKHOLM;STORE 4;PRODUCT 3;34;93
2011;28;SWEDEN;STOCKHOLM;STORE 6;PRODUCT 11;116;103
2010;11;SWEDEN;STOCKHOLM;STORE 3;PRODUCT 8;57;136
2013;22;SWEDEN;STOCKHOLM;STORE 4;PRODUCT 8;34;82
2011;32;SWEDEN;STOCKHOLM;STORE 3;PRODUCT 10;21;122
2011; 4;SWEDEN;STOCKHOLM;STORE 5;PRODUCT 10;55;66
2013;22;SWEDEN;STOCKHOLM;STORE 1;PRODUCT 7;44;119
2012;46;SWEDEN;STOCKHOLM;STORE 2;PRODUCT 9;61;71
2014; 1;SWEDEN;STOCKHOLM;STORE 2;PRODUCT 4;80;135
2013;41;SWEDEN;STOCKHOLM;STORE 1;PRODUCT 7;109;64
2013;31;SWEDEN;STOCKHOLM;STORE 3;PRODUCT 7;55;136
2013;49;SWEDEN;STOCKHOLM;STORE 2;PRODUCT 2;64;76
2011;12;SWEDEN;STOCKHOLM;STORE 3;PRODUCT 8;97;106
2010;25;SWEDEN;STOCKHOLM;STORE 2;PRODUCT 6;78;81
2010; 5;SWEDEN;STOCKHOLM;STORE 3;PRODUCT 3;97;116
2011; 6;SWEDEN;STOCKHOLM;STORE 5;PRODUCT 4;102;118
2010; 4;SWEDEN;STOCKHOLM;STORE 2;PRODUCT 6;34;142
2010;50;SWEDEN;STOCKHOLM;STORE 5;PRODUCT 5;37;72
2015;16;SWEDEN;STOCKHOLM;STORE 5;PRODUCT 7;75;105
2011;25;SWEDEN;STOCKHOLM;STORE 5;PRODUCT 1;117;88
2013;36;SWEDEN;STOCKHOLM;STORE 4;PRODUCT 6;44;127
2013; 5;SWEDEN;STOCKHOLM;STORE 2;PRODUCT 9;61;139
2013;16;SWEDEN;STOCKHOLM;STORE 2;PRODUCT 6;105;99
2015;44;SWEDEN;STOCKHOLM;STORE 4;PRODUCT 11;23;97
2014;39;SWEDEN;STOCKHOLM;STORE 3;PRODUCT 9;25;107
2013;40;SWEDEN;STOCKHOLM;STORE 1;PRODUCT 6;22;88
2011; 7;SWEDEN;STOCKHOLM;STORE 2;PRODUCT 7;49;135
2012;48;SWEDEN;STOCKHOLM;STORE 5;PRODUCT 11;60;106
2011; 4;SWEDEN;STOCKHOLM;STORE 5;PRODUCT 6;75;93
2012;11;SWEDEN;STOCKHOLM;STORE 5;PRODUCT 6;95;64
2014;51;SWEDEN;STOCKHOLM;STORE 6;PRODUCT 3;106;110
2013;35;SWEDEN;STOCKHOLM;STORE 2;PRODUCT 3;37;149
2015;26;SWEDEN;STOCKHOLM;STORE 5;PRODUCT 9;96;102
2014;14;SWEDEN;STOCKHOLM;STORE 1;PRODUCT 10;87;102
2011;40;SWEDEN;STOCKHOLM;STORE 6;PRODUCT 8;54;110
2012;35;SWEDEN;STOCKHOLM;STORE 2;PRODUCT 3;71;72
2013;15;SWEDEN;STOCKHOLM;STORE 3;PRODUCT 8;87;65
2010;11;SWEDEN;STOCKHOLM;STORE 3;PRODUCT 9;107;89
2013; 4;SWEDEN;STOCKHOLM;STORE 2;PRODUCT 3;110;108
2015;35;SWEDEN;STOCKHOLM;STORE 5;PRODUCT 3;85;86
2012; 7;SWEDEN;STOCKHOLM;STORE 2;PRODUCT 10;117;125
2015; 2;SWEDEN;STOCKHOLM;STORE 2;PRODUCT 2;103;145
2013;41;SWEDEN;STOCKHOLM;STORE 1;PRODUCT 11;45;108
2013;34;SWEDEN;STOCKHOLM;STORE 1;PRODUCT 5;52;112
2010;47;SWEDEN;STOCKHOLM;STORE 3;PRODUCT 2;118;94
2011;39;SWEDEN;STOCKHOLM;STORE 2;PRODUCT 9;99;79
2014;41;SWEDEN;STOCKHOLM;STORE 2;PRODUCT 1;53;58
2012;24;SWEDEN;STOCKHOLM;STORE 1;PRODUCT 5;74;86
2011;31;SWEDEN;STOCKHOLM;STORE 4;PRODUCT 11;85;114
2010;23;SWEDEN;STOCKHOLM;STORE 2;PRODUCT 2;65;75
2011; 2;SWEDEN;STOCKHOLM;STORE 1;PRODUCT 3;69;121
2010;29;SWEDEN;STOCKHOLM;STORE 5;PRODUCT 8;120;106
2012;20;SWEDEN;STOCKHOLM;STORE 4;PRODUCT 8;80;76
2011;10;SWEDEN;STOCKHOLM;STORE 5;PRODUCT 9;77;83
2010;16;SWEDEN;STOCKHOLM;STORE 4;PRODUCT 2;100;60
2015;36;SWEDEN;STOCKHOLM;STORE 4;PRODUCT 4;66;89
2014;17;SWEDEN;STOCKHOLM;STORE 2;PRODUCT 2;57;133
2015;45;SWEDEN;STOCKHOLM;STORE 4;PRODUCT 9;61;83
2013;50;SWEDEN;STOCKHOLM;STORE 4;PRODUCT 4;56;74
2010;31;SWEDEN;STOCKHOLM;STORE 2;PRODUCT 3;22;95
2014;30;SWEDEN;STOCKHOLM;STORE 2;PRODUCT 3;52;74
2013;12;SWEDEN;STOCKHOLM;STORE 4;PRODUCT 5;117;101
2012;27;SWEDEN;STOCKHOLM;STORE 3;PRODUCT 7;98;60
2014;38;SWEDEN;STOCKHOLM;STORE 4;PRODUCT 5;47;60
2013;11;SWEDEN;STOCKHOLM;STORE 5;PRODUCT 9;68;135
2011;10;SWEDEN;STOCKHOLM;STORE 3;PRODUCT 4;66;138
2011;14;SWEDEN;STOCKHOLM;STORE 5;PRODUCT 3;113;50
2011;43;SWEDEN;STOCKHOLM;STORE 1;PRODUCT 8;100;103
2012;48;SWEDEN;STOCKHOLM;STORE 5;PRODUCT 6;60;102
2012;40;SWEDEN;STOCKHOLM;STORE 2;PRODUCT 9;114;105
2013;44;SWEDEN;STOCKHOLM;STORE 4;PRODUCT 2;90;60
2015;23;SWEDEN;STOCKHOLM;STORE 3;PRODUCT 8;72;150
2013; 3;SWEDEN;STOCKHOLM;STORE 1;PRODUCT 3;36;141
2011;28;SWEDEN;STOCKHOLM;STORE 1;PRODUCT 3;82;71
2013; 1;SWEDEN;STOCKHOLM;STORE 3;PRODUCT 3;99;103
2014;46;SWEDEN;STOCKHOLM;STORE 1;PRODUCT 2;100;148
2011;15;SWEDEN;STOCKHOLM;STORE 1;PRODUCT 10;46;99
2015;48;SWEDEN;STOCKHOLM;STORE 4;PRODUCT 2;43;91
2011;50;SWEDEN;STOCKHOLM;STORE 2;PRODUCT 5;94;148
2014;25;SWEDEN;STOCKHOLM;STORE 6;PRODUCT 10;73;56
2013;32;SWEDEN;STOCKHOLM;STORE 2;PRODUCT 11;110;77
2010;35;SWEDEN;STOCKHOLM;STORE 6;PRODUCT 2;78;92
2015;48;SWEDEN;STOCKHOLM;STORE 3;PRODUCT 7;76;101
2010;20;SWEDEN;STOCKHOLM;STORE 3;PRODUCT 2;48;54
2014;45;SWEDEN;STOCKHOLM;STORE 3;PRODUCT 2;115;81
2013;32;SWEDEN;STOCKHOLM;STORE 3;PRODUCT 4;48;76
2011;50;SWEDEN;STOCKHOLM;STORE 6;PRODUCT 8;96;146
2013; 2;SWEDEN;STOCKHOLM;STORE 1;PRODUCT 5;66;129
2011;27;SWEDEN;STOCKHOLM;STORE 3;PRODUCT 4;82;51
2011;33;SWEDEN;STOCKHOLM;STORE 4;PRODUCT 3;53;85
2013;25;SWEDEN;STOCKHOLM;STORE 3;PRODUCT 5;57;144
2012;37;SWEDEN;STOCKHOLM;STORE 6;PRODUCT 2;30;117
2013; 4;SWEDEN;STOCKHOLM;STORE 4;PRODUCT 3;24;105
2011;27;SWEDEN;STOCKHOLM;STORE 5;PRODUCT 2;65;137
2011; 8;SWEDEN;STOCKHOLM;STORE 2;PRODUCT 9;61;69
2012;12;SWEDEN;STOCKHOLM;STORE 3;PRODUCT 2;60;55
2015;41;SWEDEN;STOCKHOLM;STORE 5;PRODUCT 6;42;87
2014;17;SWEDEN;STOCKHOLM;STORE 5;PRODUCT 3;25;63
2012;42;SWEDEN;STOCKHOLM;STORE 2;PRODUCT 11;44;118
2013;17;SWEDEN;STOCKHOLM;STORE 5;PRODUCT 4;108;141
2011;30;SWEDEN;STOCKHOLM;STORE 5;PRODUCT 8;95;118
2011;45;SWEDEN;STOCKHOLM;STORE 2;PRODUCT 11;51;146
2011;24;SWEDEN;STOCKHOLM;STORE 4;PRODUCT 7;93;56
2013;39;SWEDEN;STOCKHOLM;STORE 3;PRODUCT 4;63;67
2014; 3;SWEDEN;STOCKHOLM;STORE 4;PRODUCT 2;43;109
2012;29;SWEDEN;STOCKHOLM;STORE 2;PRODUCT 2;75;148
2013;25;SWEDEN;STOCKHOLM;STORE 5;PRODUCT 7;43;126
2012;10;SWEDEN;STOCKHOLM;STORE 2;PRODUCT 8;22;90
2011; 3;SWEDEN;STOCKHOLM;STORE 5;PRODUCT 5;40;72
2013;45;SWEDEN;STOCKHOLM;STORE 6;PRODUCT 8;66;111
2014;22;SWEDEN;STOCKHOLM;STORE 6;PRODUCT 11;49;114
2013;34;SWEDEN;STOCKHOLM;STORE 1;PRODUCT 5;62;125
2013;23;SWEDEN;STOCKHOLM;STORE 4;PRODUCT 6;21;112
2013;40;SWEDEN;STOCKHOLM;STORE 2;PRODUCT 4;25;135
2015;43;SWEDEN;STOCKHOLM;STORE 3;PRODUCT 7;35;112
2010;41;SWEDEN;STOCKHOLM;STORE 2;PRODUCT 3;80;54
2013;26;SWEDEN;STOCKHOLM;STORE 3;PRODUCT 10;89;146
2014;28;SWEDEN;STOCKHOLM;STORE 2;PRODUCT 11;35;103
2014;32;SWEDEN;STOCKHOLM;STORE 5;PRODUCT 7;48;122
2012;28;SWEDEN;STOCKHOLM;STORE 4;PRODUCT 6;109;86
2011;13;SWEDEN;STOCKHOLM;STORE 4;PRODUCT 8;40;85
2014; 3;SWEDEN;STOCKHOLM;STORE 2;PRODUCT 6;75;55
2010;25;SWEDEN;STOCKHOLM;STORE 6;PRODUCT 6;92;74
2015;15;SWEDEN;STOCKHOLM;STORE 2;PRODUCT 10;34;68
2012;50;SWEDEN;STOCKHOLM;STORE 4;PRODUCT 1;28;125
2013;29;SWEDEN;STOCKHOLM;STORE 2;PRODUCT 5;62;85
2011; 2;SWEDEN;STOCKHOLM;STORE 5;PRODUCT 2;70;137
2010;37;SWEDEN;STOCKHOLM;STORE 5;PRODUCT 9;58;62
2011;46;SWEDEN;STOCKHOLM;STORE 3;PRODUCT 3;83;114
2014;40;SWEDEN;STOCKHOLM;STORE 6;PRODUCT 1;53;56
2014;50;SWEDEN;STOCKHOLM;STORE 6;PRODUCT 2;64;121
2012;39;SWEDEN;STOCKHOLM;STORE 6;PRODUCT 5;103;114
2015;45;SWEDEN;STOCKHOLM;STORE 2;PRODUCT 1;81;59
2014;15;SWEDEN;STOCKHOLM;STORE 3;PRODUCT 11;88;128
2011;26;SWEDEN;STOCKHOLM;STORE 5;PRODUCT 4;104;77
2011;26;SWEDEN;STOCKHOLM;STORE 3;PRODUCT 10;28;131
2014;21;SWEDEN;STOCKHOLM;STORE 5;PRODUCT 11;117;86
2011;33;SWEDEN;STOCKHOLM;STORE 4;PRODUCT 5;50;117
2015;47;SWEDEN;STOCKHOLM;STORE 4;PRODUCT 8;41;51
2013;48;SWEDEN;STOCKHOLM;STORE 5;PRODUCT 4;48;104
2012;14;SWEDEN;STOCKHOLM;STORE 3;PRODUCT 5;52;129
2010;51;SWEDEN;STOCKHOLM;STORE 1;PRODUCT 6;82;143
2015; 3;SWEDEN;STOCKHOLM;STORE 4;PRODUCT 9;31;139
2013;49;SWEDEN;STOCKHOLM;STORE 5;PRODUCT 4;42;98
2010;16;SWEDEN;STOCKHOLM;STORE 6;PRODUCT 5;53;55
2011;23;SWEDEN;STOCKHOLM;STORE 1;PRODUCT 6;72;90
2013;12;SWEDEN;STOCKHOLM;STORE 2;PRODUCT 4;66;78
2013;28;SWEDEN;STOCKHOLM;STORE 4;PRODUCT 6;73;123
2010;32;SWEDEN;STOCKHOLM;STORE 6;PRODUCT 8;86;51
2014;32;SWEDEN;STOCKHOLM;STORE 1;PRODUCT 4;60;140
2012;49;SWEDEN;STOCKHOLM;STORE 3;PRODUCT 3;111;90
2014; 9;SWEDEN;STOCKHOLM;STORE 5;PRODUCT 10;117;126
2011;42;SWEDEN;STOCKHOLM;STORE 3;PRODUCT 9;24;68
2012;44;SWEDEN;STOCKHOLM;STORE 2;PRODUCT 7;21;82
2011;14;SWEDEN;STOCKHOLM;STORE 2;PRODUCT 7;119;136
2013;33;SWEDEN;STOCKHOLM;STORE 3;PRODUCT 3;71;75
2010;18;SWEDEN;STOCKHOLM;STORE 2;PRODUCT 6;65;108
2012;36;SWEDEN;STOCKHOLM;STORE 2;PRODUCT 7;33;66
2012;37;SWEDEN;STOCKHOLM;STORE 4;PRODUCT 6;80;120
2011; 4;SWEDEN;STOCKHOLM;STORE 2;PRODUCT 4;48;130
2014;47;SWEDEN;STOCKHOLM;STORE 5;PRODUCT 9;92;98
2014;19;SWEDEN;STOCKHOLM;STORE 5;PRODUCT 7;96;88
2012;28;SWEDEN;STOCKHOLM;STORE 2;PRODUCT 4;20;63
2012; 3;SWEDEN;STOCKHOLM;STORE 2;PRODUCT 10;47;61
2013;48;SWEDEN;STOCKHOLM;STORE 5;PRODUCT 9;44;88
2013; 7;SWEDEN;STOCKHOLM;STORE 4;PRODUCT 5;79;108
2013; 4;SWEDEN;STOCKHOLM;STORE 5;PRODUCT 6;62;100
2013;30;SWEDEN;STOCKHOLM;STORE 2;PRODUCT 8;53;88
2011;15;SWEDEN;STOCKHOLM;STORE 6;PRODUCT 2;60;115
2011;17;SWEDEN;STOCKHOLM;STORE 4;PRODUCT 8;26;96
2014;21;SWEDEN;STOCKHOLM;STORE 5;PRODUCT 9;70;109
2011;13;SWEDEN;STOCKHOLM;STORE 4;PRODUCT 7;33;137
2012;21;SWEDEN;STOCKHOLM;STORE 3;PRODUCT 5;30;74
2015;34;SWEDEN;STOCKHOLM;STORE 3;PRODUCT 6;105;118
2015;36;SWEDEN;STOCKHOLM;STORE 2;PRODUCT 11;37;76
2013; 2;SWEDEN;STOCKHOLM;STORE 2;PRODUCT 10;63;142
2012;40;SWEDEN;STOCKHOLM;STORE 6;PRODUCT 7;26;129
2015;22;SWEDEN;STOCKHOLM;STORE 6;PRODUCT 2;96;94
2011;42;SWEDEN;STOCKHOLM;STORE 1;PRODUCT 4;96;62
2012; 7;SWEDEN;STOCKHOLM;STORE 6;PRODUCT 10;28;87
2011;24;SWEDEN;STOCKHOLM;STORE 3;PRODUCT 6;116;74
2015; 7;SWEDEN;STOCKHOLM;STORE 6;PRODUCT 2;96;82
2014;27;SWEDEN;STOCKHOLM;STORE 5;PRODUCT 10;51;127
2012;42;SWEDEN;STOCKHOLM;STORE 3;PRODUCT 9;24;52
2014;29;SWEDEN;STOCKHOLM;STORE 1;PRODUCT 8;32;50
2010;44;SWEDEN;STOCKHOLM;STORE 5;PRODUCT 8;98;80
2012; 4;SWEDEN;STOCKHOLM;STORE 3;PRODUCT 8;92;144
2011;35;SWEDEN;STOCKHOLM;STORE 5;PRODUCT 7;102;50
2014;38;SWEDEN;STOCKHOLM;STORE 6;PRODUCT 5;79;52
2012;34;SWEDEN;STOCKHOLM;STORE 5;PRODUCT 4;49;119
2014;35;SWEDEN;STOCKHOLM;STORE 2;PRODUCT 3;96;69
2015;23;SWEDEN;STOCKHOLM;STORE 4;PRODUCT 2;106;113
2012;45;SWEDEN;STOCKHOLM;STORE 6;PRODUCT 9;42;72
2012;28;SWEDEN;STOCKHOLM;STORE 3;PRODUCT 5;105;93
2014;22;SWEDEN;STOCKHOLM;STORE 2;PRODUCT 9;66;95
2011; 5;SWEDEN;STOCKHOLM;STORE 5;PRODUCT 10;32;76
2015; 2;SWEDEN;STOCKHOLM;STORE 4;PRODUCT 3;80;144
2015;17;SWEDEN;STOCKHOLM;STORE 4;PRODUCT 9;60;52
2013; 6;SWEDEN;STOCKHOLM;STORE 2;PRODUCT 8;23;60
2011;51;SWEDEN;STOCKHOLM;STORE 3;PRODUCT 10;32;118
2013;47;SWEDEN;STOCKHOLM;STORE 2;PRODUCT 7;34;51
2011;36;SWEDEN;STOCKHOLM;STORE 5;PRODUCT 1;118;120
2012;26;SWEDEN;STOCKHOLM;STORE 3;PRODUCT 2;118;66
2013;45;SWEDEN;STOCKHOLM;STORE 4;PRODUCT 2;51;107
2015;19;SWEDEN;STOCKHOLM;STORE 4;PRODUCT 10;113;139
2011;19;SWEDEN;STOCKHOLM;STORE 3;PRODUCT 9;108;98
2014;25;SWEDEN;STOCKHOLM;STORE 5;PRODUCT 1;35;81
2012; 8;SWEDEN;STOCKHOLM;STORE 5;PRODUCT 9;44;143
2014;47;SWEDEN;STOCKHOLM;STORE 1;PRODUCT 6;46;145
2014;24;SWEDEN;STOCKHOLM;STORE 2;PRODUCT 7;110;143
2013; 7;SWEDEN;STOCKHOLM;STORE 3;PRODUCT 11;69;114
2013;37;SWEDEN;STOCKHOLM;STORE 1;PRODUCT 2;28;105
2012;16;SWEDEN;STOCKHOLM;STORE 3;PRODUCT 5;119;66
2011;40;SWEDEN;STOCKHOLM;STORE 3;PRODUCT 11;26;74
2011;11;SWEDEN;STOCKHOLM;STORE 2;PRODUCT 6;117;139
2013;50;SWEDEN;STOCKHOLM;STORE 4;PRODUCT 9;39;53
2013;42;SWEDEN;STOCKHOLM;STORE 4;PRODUCT 8;94;96
2013;43;SWEDEN;STOCKHOLM;STORE 5;PRODUCT 10;63;99
2015;32;SWEDEN;STOCKHOLM;STORE 2;PRODUCT 6;20;129
2013;42;SWEDEN;STOCKHOLM;STORE 5;PRODUCT 3;79;128
2015;11;SWEDEN;STOCKHOLM;STORE 5;PRODUCT 8;79;98
2014;27;SWEDEN;STOCKHOLM;STORE 4;PRODUCT 2;82;87
2013;23;SWEDEN;STOCKHOLM;STORE 3;PRODUCT 2;89;133
2012; 1;SWEDEN;STOCKHOLM;STORE 1;PRODUCT 4;92;93
2012; 6;SWEDEN;STOCKHOLM;STORE 2;PRODUCT 7;39;102
2013;25;SWEDEN;STOCKHOLM;STORE 2;PRODUCT 1;95;113
2014; 9;SWEDEN;STOCKHOLM;STORE 2;PRODUCT 5;83;82
2013;12;SWEDEN;STOCKHOLM;STORE 4;PRODUCT 10;66;100
2015; 9;SWEDEN;STOCKHOLM;STORE 5;PRODUCT 3;78;75
2011;50;SWEDEN;STOCKHOLM;STORE 4;PRODUCT 10;88;72
2012; 8;SWEDEN;STOCKHOLM;STORE 4;PRODUCT 6;34;98
2012;40;SWEDEN;STOCKHOLM;STORE 2;PRODUCT 2;105;132
2013;33;SWEDEN;STOCKHOLM;STORE 1;PRODUCT 9;55;140
2011;32;SWEDEN;STOCKHOLM;STORE 1;PRODUCT 7;95;132
2011; 3;SWEDEN;STOCKHOLM;STORE 3;PRODUCT 9;68;53
2013; 9;SWEDEN;STOCKHOLM;STORE 5;PRODUCT 7;77;141
2013;12;SWEDEN;STOCKHOLM;STORE 4;PRODUCT 4;85;75
2011;30;SWEDEN;STOCKHOLM;STORE 2;PRODUCT 5;68;76
2010;39;SWEDEN;STOCKHOLM;STORE 5;PRODUCT 8;29;98
2010;18;SWEDEN;STOCKHOLM;STORE 6;PRODUCT 2;117;133
2014; 8;SWEDEN;STOCKHOLM;STORE 5;PRODUCT 11;44;125
2011;17;SWEDEN;STOCKHOLM;STORE 5;PRODUCT 10;32;100
2011;44;SWEDEN;STOCKHOLM;STORE 4;PRODUCT 6;41;135
2011;26;SWEDEN;STOCKHOLM;STORE 2;PRODUCT 8;69;139
2015;34;SWEDEN;STOCKHOLM;STORE 2;PRODUCT 8;34;57
2014;25;SWEDEN;STOCKHOLM;STORE 2;PRODUCT 9;104;139
2012;47;SWEDEN;STOCKHOLM;STORE 2;PRODUCT 4;52;62
2015; 3;SWEDEN;STOCKHOLM;STORE 1;PRODUCT 9;26;75
2013;38;SWEDEN;STOCKHOLM;STORE 6;PRODUCT 6;55;104
2015;25;SWEDEN;STOCKHOLM;STORE 5;PRODUCT 8;56;92
2014;51;SWEDEN;STOCKHOLM;STORE 5;PRODUCT 8;52;66
2011; 7;SWEDEN;STOCKHOLM;STORE 3;PRODUCT 8;113;70
2010;47;SWEDEN;STOCKHOLM;STORE 3;PRODUCT 10;57;67
2012;43;SWEDEN;STOCKHOLM;STORE 4;PRODUCT 5;48;143
2010;26;SWEDEN;STOCKHOLM;STORE 4;PRODUCT 8;49;105
2011;24;SWEDEN;STOCKHOLM;STORE 1;PRODUCT 10;61;109
2012;24;SWEDEN;STOCKHOLM;STORE 5;PRODUCT 3;33;105
2012;35;SWEDEN;STOCKHOLM;STORE 4;PRODUCT 7;21;72
2012;26;SWEDEN;STOCKHOLM;STORE 2;PRODUCT 6;98;130
2010;15;SWEDEN;STOCKHOLM;STORE 2;PRODUCT 10;98;58
2012;28;SWEDEN;STOCKHOLM;STORE 3;PRODUCT 7;116;108
2015;40;SWEDEN;STOCKHOLM;STORE 4;PRODUCT 9;57;142
2013;45;SWEDEN;STOCKHOLM;STORE 4;PRODUCT 10;116;89
2010;33;SWEDEN;STOCKHOLM;STORE 4;PRODUCT 4;90;76
2015;12;SWEDEN;STOCKHOLM;STORE 2;PRODUCT 3;53;118
2011;45;SWEDEN;STOCKHOLM;STORE 2;PRODUCT 5;103;90
2013;35;SWEDEN;STOCKHOLM;STORE 4;PRODUCT 4;101;99
2015;12;SWEDEN;STOCKHOLM;STORE 2;PRODUCT 1;59;137
2010;40;SWEDEN;STOCKHOLM;STORE 3;PRODUCT 9;69;110
2012;23;SWEDEN;STOCKHOLM;STORE 3;PRODUCT 9;50;57
2015;35;SWEDEN;STOCKHOLM;STORE 1;PRODUCT 10;31;115
2013;51;SWEDEN;STOCKHOLM;STORE 4;PRODUCT 4;26;56
2013;14;SWEDEN;STOCKHOLM;STORE 5;PRODUCT 6;50;90
2010;25;SWEDEN;STOCKHOLM;STORE 3;PRODUCT 6;77;91
2012;42;SWEDEN;STOCKHOLM;STORE 6;PRODUCT 8;75;101
2010;51;SWEDEN;STOCKHOLM;STORE 5;PRODUCT 3;94;139
2015;27;SWEDEN;STOCKHOLM;STORE 2;PRODUCT 4;51;114
2013;34;SWEDEN;STOCKHOLM;STORE 5;PRODUCT 5;37;97
2015;42;SWEDEN;STOCKHOLM;STORE 1;PRODUCT 11;62;119
2010;23;SWEDEN;STOCKHOLM;STORE 4;PRODUCT 8;90;69
2015;30;SWEDEN;STOCKHOLM;STORE 4;PRODUCT 5;110;70
2013;43;SWEDEN;STOCKHOLM;STORE 4;PRODUCT 7;76;59
2011;21;SWEDEN;STOCKHOLM;STORE 4;PRODUCT 4;39;107
2012; 7;SWEDEN;STOCKHOLM;STORE 6;PRODUCT 6;36;58
2010;33;SWEDEN;STOCKHOLM;STORE 4;PRODUCT 9;87;138
2014;18;SWEDEN;STOCKHOLM;STORE 1;PRODUCT 4;67;66
2015;40;SWEDEN;STOCKHOLM;STORE 4;PRODUCT 3;25;64
2010;24;SWEDEN;STOCKHOLM;STORE 2;PRODUCT 11;87;125
2014;36;SWEDEN;STOCKHOLM;STORE 2;PRODUCT 1;32;71
2013;29;SWEDEN;STOCKHOLM;STORE 2;PRODUCT 1;78;92
2012;32;SWEDEN;STOCKHOLM;STORE 4;PRODUCT 7;82;139
2011;49;SWEDEN;STOCKHOLM;STORE 2;PRODUCT 7;104;52
2013;18;SWEDEN;STOCKHOLM;STORE 5;PRODUCT 4;85;99
2014;19;SWEDEN;STOCKHOLM;STORE 3;PRODUCT 1;26;144
2011;44;SWEDEN;STOCKHOLM;STORE 3;PRODUCT 5;81;54
2014;40;SWEDEN;STOCKHOLM;STORE 5;PRODUCT 5;70;140
2013;46;SWEDEN;STOCKHOLM;STORE 3;PRODUCT 9;103;142
2011;27;SWEDEN;STOCKHOLM;STORE 5;PRODUCT 2;34;97
2014;46;SWEDEN;STOCKHOLM;STORE 5;PRODUCT 8;109;101
2010;26;SWEDEN;STOCKHOLM;STORE 3;PRODUCT 3;38;100
2011;42;SWEDEN;STOCKHOLM;STORE 3;PRODUCT 7;52;60
2014;22;SWEDEN;STOCKHOLM;STORE 5;PRODUCT 9;109;118
2013;33;SWEDEN;STOCKHOLM;STORE 5;PRODUCT 8;67;60
2010;45;SWEDEN;STOCKHOLM;STORE 3;PRODUCT 6;81;82
2014;24;SWEDEN;STOCKHOLM;STORE 3;PRODUCT 7;87;131
2013;18;SWEDEN;STOCKHOLM;STORE 5;PRODUCT 5;30;108
2011;41;SWEDEN;STOCKHOLM;STORE 3;PRODUCT 6;91;58
2011;44;SWEDEN;STOCKHOLM;STORE 5;PRODUCT 6;59;150
2011;22;SWEDEN;STOCKHOLM;STORE 3;PRODUCT 7;101;72
2012;44;SWEDEN;STOCKHOLM;STORE 1;PRODUCT 3;58;66
2012;13;SWEDEN;STOCKHOLM;STORE 3;PRODUCT 3;62;68
2013;16;SWEDEN;STOCKHOLM;STORE 3;PRODUCT 11;114;137
2011;32;SWEDEN;STOCKHOLM;STORE 5;PRODUCT 8;73;100
2014;32;SWEDEN;STOCKHOLM;STORE 5;PRODUCT 7;30;95
2011;17;SWEDEN;STOCKHOLM;STORE 3;PRODUCT 1;82;104
2013;36;SWEDEN;STOCKHOLM;STORE 4;PRODUCT 2;96;121
2012;36;SWEDEN;STOCKHOLM;STORE 3;PRODUCT 9;48;63
2010;31;SWEDEN;STOCKHOLM;STORE 1;PRODUCT 8;85;82
2013; 1;SWEDEN;STOCKHOLM;STORE 3;PRODUCT 7;90;147
2011; 2;SWEDEN;STOCKHOLM;STORE 3;PRODUCT 8;85;56
2010;10;SWEDEN;STOCKHOLM;STORE 2;PRODUCT 6;68;125
2011; 7;SWEDEN;STOCKHOLM;STORE 5;PRODUCT 2;73;74
2013; 2;SWEDEN;STOCKHOLM;STORE 2;PRODUCT 5;32;74
2011;10;SWEDEN;STOCKHOLM;STORE 6;PRODUCT 10;38;108
2011;24;SWEDEN;STOCKHOLM;STORE 2;PRODUCT 10;68;149
2012;10;SWEDEN;STOCKHOLM;STORE 4;PRODUCT 9;55;78
2014;19;SWEDEN;STOCKHOLM;STORE 4;PRODUCT 6;81;93
2013;12;SWEDEN;STOCKHOLM;STORE 6;PRODUCT 3;111;103
2013; 7;SWEDEN;STOCKHOLM;STORE 5;PRODUCT 3;115;70
2012;46;SWEDEN;STOCKHOLM;STORE 4;PRODUCT 2;29;74
2015;15;SWEDEN;STOCKHOLM;STORE 2;PRODUCT 10;66;66
2011;43;SWEDEN;STOCKHOLM;STORE 4;PRODUCT 5;64;79
2010;41;SWEDEN;STOCKHOLM;STORE 5;PRODUCT 6;105;64
2013; 8;SWEDEN;STOCKHOLM;STORE 1;PRODUCT 3;41;107
2013;21;SWEDEN;STOCKHOLM;STORE 4;PRODUCT 2;37;136
2013;40;SWEDEN;STOCKHOLM;STORE 1;PRODUCT 2;35;116
2013;11;SWEDEN;STOCKHOLM;STORE 5;PRODUCT 3;86;139
2010;38;SWEDEN;STOCKHOLM;STORE 2;PRODUCT 10;45;76
2012;30;SWEDEN;STOCKHOLM;STORE 3;PRODUCT 2;80;52
2011;36;SWEDEN;STOCKHOLM;STORE 6;PRODUCT 1;83;90
2011;34;SWEDEN;STOCKHOLM;STORE 2;PRODUCT 2;97;50
2015;35;SWEDEN;STOCKHOLM;STORE 4;PRODUCT 3;70;71
2010;32;SWEDEN;STOCKHOLM;STORE 4;PRODUCT 10;63;82
2014;46;SWEDEN;STOCKHOLM;STORE 3;PRODUCT 5;60;94
2013;12;SWEDEN;STOCKHOLM;STORE 3;PRODUCT 10;117;130
2010;16;SWEDEN;STOCKHOLM;STORE 2;PRODUCT 7;69;136
2012;39;SWEDEN;STOCKHOLM;STORE 5;PRODUCT 3;31;73
2014;28;SWEDEN;STOCKHOLM;STORE 4;PRODUCT 2;49;97
2010;28;SWEDEN;STOCKHOLM;STORE 3;PRODUCT 9;36;129
2015;40;SWEDEN;STOCKHOLM;STORE 5;PRODUCT 2;108;120
2015; 6;SWEDEN;STOCKHOLM;STORE 3;PRODUCT 2;111;90
2013;26;SWEDEN;STOCKHOLM;STORE 1;PRODUCT 5;31;135
2012;42;SWEDEN;STOCKHOLM;STORE 2;PRODUCT 10;72;145
2012; 3;SWEDEN;STOCKHOLM;STORE 3;PRODUCT 8;111;65
2014;19;SWEDEN;STOCKHOLM;STORE 5;PRODUCT 7;61;115
2010; 7;SWEDEN;STOCKHOLM;STORE 3;PRODUCT 2;117;50
2012;27;SWEDEN;STOCKHOLM;STORE 2;PRODUCT 3;59;83
2011;39;SWEDEN;STOCKHOLM;STORE 2;PRODUCT 4;82;149
2014; 6;SWEDEN;STOCKHOLM;STORE 5;PRODUCT 5;84;127
2014;38;SWEDEN;STOCKHOLM;STORE 6;PRODUCT 2;112;150
2015;28;SWEDEN;STOCKHOLM;STORE 2;PRODUCT 7;54;52
2012;27;SWEDEN;STOCKHOLM;STORE 2;PRODUCT 6;62;84
2013;27;SWEDEN;STOCKHOLM;STORE 4;PRODUCT 3;80;117
2013;14;SWEDEN;STOCKHOLM;STORE 3;PRODUCT 6;84;92
2014;46;SWEDEN;STOCKHOLM;STORE 2;PRODUCT 9;63;131
2013; 4;SWEDEN;STOCKHOLM;STORE 3;PRODUCT 2;112;50
2013;31;SWEDEN;STOCKHOLM;STORE 3;PRODUCT 3;58;103
2015;22;SWEDEN;STOCKHOLM;STORE 3;PRODUCT 10;107;73
2010;27;SWEDEN;STOCKHOLM;STORE 3;PRODUCT 8;99;150
2015;17;SWEDEN;STOCKHOLM;STORE 1;PRODUCT 8;99;79
2013;43;SWEDEN;STOCKHOLM;STORE 3;PRODUCT 2;109;131
2012;45;SWEDEN;STOCKHOLM;STORE 6;PRODUCT 2;56;129
2011; 2;SWEDEN;STOCKHOLM;STORE 4;PRODUCT 2;63;65
2013;41;SWEDEN;STOCKHOLM;STORE 2;PRODUCT 4;28;99
2011;11;SWEDEN;STOCKHOLM;STORE 3;PRODUCT 2;106;111
2011;30;SWEDEN;STOCKHOLM;STORE 3;PRODUCT 4;70;71
2012;28;SWEDEN;STOCKHOLM;STORE 4;PRODUCT 9;55;100
2013;50;SWEDEN;STOCKHOLM;STORE 4;PRODUCT 9;89;75
2013;17;SWEDEN;STOCKHOLM;STORE 4;PRODUCT 9;63;60
2011;38;SWEDEN;STOCKHOLM;STORE 1;PRODUCT 9;87;136
2015; 8;SWEDEN;STOCKHOLM;STORE 1;PRODUCT 9;102;100
2014;36;SWEDEN;STOCKHOLM;STORE 3;PRODUCT 10;38;60
2011;46;SWEDEN;STOCKHOLM;STORE 1;PRODUCT 3;110;76
2014;26;SWEDEN;STOCKHOLM;STORE 6;PRODUCT 5;28;58
2013;44;SWEDEN;STOCKHOLM;STORE 1;PRODUCT 9;68;82
2012; 6;SWEDEN;STOCKHOLM;STORE 3;PRODUCT 5;88;51
2015;37;SWEDEN;STOCKHOLM;STORE 5;PRODUCT 8;41;63
2014;46;SWEDEN;STOCKHOLM;STORE 4;PRODUCT 2;108;57
2011; 4;SWEDEN;STOCKHOLM;STORE 2;PRODUCT 3;78;65
2012;16;SWEDEN;STOCKHOLM;STORE 2;PRODUCT 4;35;103
2015;45;SWEDEN;STOCKHOLM;STORE 5;PRODUCT 8;76;143
2012; 6;SWEDEN;STOCKHOLM;STORE 6;PRODUCT 2;81;147
2012;25;SWEDEN;STOCKHOLM;STORE 1;PRODUCT 11;22;142
2014;37;SWEDEN;STOCKHOLM;STORE 2;PRODUCT 5;87;65
2013;34;SWEDEN;STOCKHOLM;STORE 2;PRODUCT 2;47;91
2013;50;SWEDEN;STOCKHOLM;STORE 2;PRODUCT 8;43;78
2014;28;SWEDEN;STOCKHOLM;STORE 5;PRODUCT 3;88;133
2014; 1;SWEDEN;STOCKHOLM;STORE 5;PRODUCT 2;65;73
2015; 9;SWEDEN;STOCKHOLM;STORE 3;PRODUCT 2;88;129
2013;23;SWEDEN;STOCKHOLM;STORE 4;PRODUCT 6;102;126
2011;48;SWEDEN;STOCKHOLM;STORE 6;PRODUCT 11;61;148
2014; 4;SWEDEN;STOCKHOLM;STORE 1;PRODUCT 3;79;106
2013; 3;SWEDEN;STOCKHOLM;STORE 2;PRODUCT 8;23;123
2015;35;SWEDEN;STOCKHOLM;STORE 5;PRODUCT 2;83;122
2013; 5;SWEDEN;STOCKHOLM;STORE 3;PRODUCT 2;53;96
2011;39;SWEDEN;STOCKHOLM;STORE 4;PRODUCT 4;76;144
2014;40;SWEDEN;STOCKHOLM;STORE 3;PRODUCT 3;46;90
2013;30;SWEDEN;STOCKHOLM;STORE 5;PRODUCT 7;21;85
2011;40;SWEDEN;STOCKHOLM;STORE 4;PRODUCT 10;22;126
2014;38;SWEDEN;STOCKHOLM;STORE 4;PRODUCT 11;119;63
2015;42;SWEDEN;STOCKHOLM;STORE 4;PRODUCT 7;29;142
2014; 7;SWEDEN;STOCKHOLM;STORE 5;PRODUCT 7;73;50
2011; 3;SWEDEN;STOCKHOLM;STORE 4;PRODUCT 7;108;100
2010;32;SWEDEN;STOCKHOLM;STORE 3;PRODUCT 7;41;64
2011; 8;SWEDEN;STOCKHOLM;STORE 5;PRODUCT 7;64;78
2014;45;SWEDEN;STOCKHOLM;STORE 5;PRODUCT 5;37;143
2013; 8;SWEDEN;STOCKHOLM;STORE 2;PRODUCT 10;110;105
2011; 9;SWEDEN;STOCKHOLM;STORE 3;PRODUCT 4;97;132
2013;37;SWEDEN;STOCKHOLM;STORE 5;PRODUCT 6;117;138
2013;11;SWEDEN;STOCKHOLM;STORE 3;PRODUCT 8;119;143
2012; 8;SWEDEN;STOCKHOLM;STORE 3;PRODUCT 4;49;124
2014;50;SWEDEN;STOCKHOLM;STORE 5;PRODUCT 8;117;81
2013; 6;SWEDEN;STOCKHOLM;STORE 6;PRODUCT 3;68;94
2011; 4;SWEDEN;STOCKHOLM;STORE 4;PRODUCT 8;38;69
2012;18;SWEDEN;STOCKHOLM;STORE 2;PRODUCT 7;45;105
2013;20;SWEDEN;STOCKHOLM;STORE 6;PRODUCT 9;56;70
2012;16;SWEDEN;STOCKHOLM;STORE 4;PRODUCT 9;87;62
2015; 4;SWEDEN;STOCKHOLM;STORE 3;PRODUCT 5;63;122
2013;36;SWEDEN;STOCKHOLM;STORE 4;PRODUCT 7;34;99
2013;28;SWEDEN;STOCKHOLM;STORE 3;PRODUCT 4;30;132
2014;47;SWEDEN;STOCKHOLM;STORE 1;PRODUCT 1;36;86
2011;25;SWEDEN;STOCKHOLM;STORE 6;PRODUCT 9;67;106
2012;13;SWEDEN;STOCKHOLM;STORE 5;PRODUCT 1;88;54
2012;20;SWEDEN;STOCKHOLM;STORE 4;PRODUCT 9;55;104
2012;33;SWEDEN;STOCKHOLM;STORE 6;PRODUCT 9;119;137
2011;42;SWEDEN;STOCKHOLM;STORE 3;PRODUCT 5;62;115
2011; 4;SWEDEN;STOCKHOLM;STORE 2;PRODUCT 11;57;139
2015;40;SWEDEN;STOCKHOLM;STORE 4;PRODUCT 8;40;116
2012; 8;SWEDEN;STOCKHOLM;STORE 6;PRODUCT 9;25;117
2014;17;SWEDEN;STOCKHOLM;STORE 5;PRODUCT 11;104;59
2012;12;SWEDEN;STOCKHOLM;STORE 5;PRODUCT 11;50;128
2010;43;SWEDEN;STOCKHOLM;STORE 1;PRODUCT 2;91;126
2015;44;SWEDEN;STOCKHOLM;STORE 2;PRODUCT 5;56;136
2012;43;SWEDEN;STOCKHOLM;STORE 5;PRODUCT 8;106;101
2012;18;SWEDEN;STOCKHOLM;STORE 2;PRODUCT 5;101;146
2013;45;SWEDEN;STOCKHOLM;STORE 4;PRODUCT 7;67;107
2013;30;SWEDEN;STOCKHOLM;STORE 1;PRODUCT 3;21;118
2014;16;SWEDEN;STOCKHOLM;STORE 5;PRODUCT 9;77;99
2015;50;SWEDEN;STOCKHOLM;STORE 4;PRODUCT 3;69;140
2013;19;SWEDEN;STOCKHOLM;STORE 1;PRODUCT 3;74;118
2012; 6;SWEDEN;STOCKHOLM;STORE 5;PRODUCT 2;62;147
2013; 4;SWEDEN;STOCKHOLM;STORE 2;PRODUCT 1;48;69
2011;21;SWEDEN;STOCKHOLM;STORE 2;PRODUCT 10;23;121
2013;42;SWEDEN;STOCKHOLM;STORE 3;PRODUCT 7;35;100
2012;34;SWEDEN;STOCKHOLM;STORE 2;PRODUCT 8;60;101
2013;28;SWEDEN;STOCKHOLM;STORE 5;PRODUCT 2;52;104
2014; 2;SWEDEN;STOCKHOLM;STORE 5;PRODUCT 9;106;67
2012;14;SWEDEN;STOCKHOLM;STORE 5;PRODUCT 3;101;102
2012;13;SWEDEN;STOCKHOLM;STORE 2;PRODUCT 1;37;148
2011;36;SWEDEN;STOCKHOLM;STORE 1;PRODUCT 1;62;138
2013;36;SWEDEN;STOCKHOLM;STORE 3;PRODUCT 5;114;128
2015; 5;SWEDEN;STOCKHOLM;STORE 2;PRODUCT 9;97;102
2015;34;SWEDEN;STOCKHOLM;STORE 2;PRODUCT 8;23;114
2013;32;SWEDEN;STOCKHOLM;STORE 4;PRODUCT 2;107;121
2012;29;SWEDEN;STOCKHOLM;STORE 3;PRODUCT 9;58;70
2013;39;SWEDEN;STOCKHOLM;STORE 2;PRODUCT 7;84;109
2013;21;SWEDEN;STOCKHOLM;STORE 3;PRODUCT 3;48;59
2012;43;SWEDEN;STOCKHOLM;STORE 1;PRODUCT 7;113;94
2011; 9;SWEDEN;STOCKHOLM;STORE 4;PRODUCT 9;58;120
2010;50;SWEDEN;STOCKHOLM;STORE 2;PRODUCT 2;78;124
2011; 9;SWEDEN;STOCKHOLM;STORE 3;PRODUCT 3;37;103
2010;22;SWEDEN;STOCKHOLM;STORE 3;PRODUCT 2;52;58
2011;44;SWEDEN;STOCKHOLM;STORE 1;PRODUCT 8;46;77
2012;41;SWEDEN;STOCKHOLM;STORE 5;PRODUCT 8;60;113
2011;46;SWEDEN;STOCKHOLM;STORE 3;PRODUCT 7;83;139
2011;37;SWEDEN;STOCKHOLM;STORE 1;PRODUCT 11;77;133
2012;16;SWEDEN;STOCKHOLM;STORE 5;PRODUCT 8;61;79
2014; 8;SWEDEN;STOCKHOLM;STORE 3;PRODUCT 10;99;58
2010;39;SWEDEN;STOCKHOLM;STORE 2;PRODUCT 5;27;120
2013; 8;SWEDEN;STOCKHOLM;STORE 3;PRODUCT 2;25;149
2014; 8;SWEDEN;STOCKHOLM;STORE 5;PRODUCT 3;74;96
2013;13;SWEDEN;STOCKHOLM;STORE 3;PRODUCT 1;23;60
2011;48;SWEDEN;STOCKHOLM;STORE 3;PRODUCT 9;56;94
2015;23;SWEDEN;STOCKHOLM;STORE 6;PRODUCT 8;45;69
2012;25;SWEDEN;STOCKHOLM;STORE 1;PRODUCT 7;104;99
2013;22;SWEDEN;STOCKHOLM;STORE 3;PRODUCT 10;45;136
2011;49;SWEDEN;STOCKHOLM;STORE 2;PRODUCT 6;108;70
2015;39;SWEDEN;STOCKHOLM;STORE 2;PRODUCT 6;96;96
2012;48;SWEDEN;STOCKHOLM;STORE 2;PRODUCT 6;119;61
2014; 8;SWEDEN;STOCKHOLM;STORE 5;PRODUCT 9;25;138
2014; 4;SWEDEN;STOCKHOLM;STORE 6;PRODUCT 8;77;111
2011;22;SWEDEN;STOCKHOLM;STORE 6;PRODUCT 10;99;100
2013; 2;SWEDEN;STOCKHOLM;STORE 5;PRODUCT 2;86;57
2012;17;SWEDEN;STOCKHOLM;STORE 5;PRODUCT 8;57;115
2010;19;SWEDEN;STOCKHOLM;STORE 4;PRODUCT 8;109;58
2011;20;SWEDEN;STOCKHOLM;STORE 1;PRODUCT 4;117;60
2011; 7;SWEDEN;STOCKHOLM;STORE 4;PRODUCT 9;94;58
2012;16;SWEDEN;STOCKHOLM;STORE 4;PRODUCT 1;30;53
2012;27;SWEDEN;STOCKHOLM;STORE 4;PRODUCT 9;75;136
2011;45;SWEDEN;STOCKHOLM;STORE 1;PRODUCT 7;106;139
2010;31;SWEDEN;STOCKHOLM;STORE 3;PRODUCT 7;74;55
2010;48;SWEDEN;STOCKHOLM;STORE 3;PRODUCT 6;25;113
2013; 1;SWEDEN;STOCKHOLM;STORE 6;PRODUCT 5;106;144
2012;30;SWEDEN;STOCKHOLM;STORE 4;PRODUCT 6;94;71
2013;35;SWEDEN;STOCKHOLM;STORE 4;PRODUCT 8;96;68
2014;16;SWEDEN;STOCKHOLM;STORE 4;PRODUCT 7;60;99
2011;21;SWEDEN;STOCKHOLM;STORE 4;PRODUCT 8;111;55
2013; 6;SWEDEN;STOCKHOLM;STORE 3;PRODUCT 5;88;132
2013;17;SWEDEN;STOCKHOLM;STORE 4;PRODUCT 7;119;101
2011;30;SWEDEN;STOCKHOLM;STORE 4;PRODUCT 1;28;115
2015;20;SWEDEN;STOCKHOLM;STORE 4;PRODUCT 6;49;96
2011;19;SWEDEN;STOCKHOLM;STORE 5;PRODUCT 10;118;75
2013;45;SWEDEN;STOCKHOLM;STORE 5;PRODUCT 10;93;113
2010;40;SWEDEN;STOCKHOLM;STORE 5;PRODUCT 10;23;84
2013;32;SWEDEN;STOCKHOLM;STORE 4;PRODUCT 5;75;88
2015;23;SWEDEN;STOCKHOLM;STORE 4;PRODUCT 6;86;65
2012;27;SWEDEN;STOCKHOLM;STORE 4;PRODUCT 9;117;82
2014; 4;SWEDEN;STOCKHOLM;STORE 2;PRODUCT 4;119;57
2011;34;SWEDEN;STOCKHOLM;STORE 3;PRODUCT 2;34;83
2011;37;SWEDEN;STOCKHOLM;STORE 4;PRODUCT 9;94;110
2010;29;SWEDEN;STOCKHOLM;STORE 5;PRODUCT 1;115;63
2011;26;SWEDEN;STOCKHOLM;STORE 2;PRODUCT 3;43;81
2013;27;SWEDEN;STOCKHOLM;STORE 5;PRODUCT 10;36;140
2012;18;SWEDEN;STOCKHOLM;STORE 2;PRODUCT 10;77;101
2011;33;SWEDEN;STOCKHOLM;STORE 4;PRODUCT 9;83;112
2011;20;SWEDEN;STOCKHOLM;STORE 5;PRODUCT 1;103;124
2014;13;SWEDEN;STOCKHOLM;STORE 5;PRODUCT 9;110;69
2011; 3;SWEDEN;STOCKHOLM;STORE 1;PRODUCT 2;70;63
2013; 9;SWEDEN;STOCKHOLM;STORE 4;PRODUCT 10;48;92
2011; 8;SWEDEN;STOCKHOLM;STORE 5;PRODUCT 7;39;105
2012;43;SWEDEN;STOCKHOLM;STORE 2;PRODUCT 8;74;130
2013; 8;SWEDEN;STOCKHOLM;STORE 3;PRODUCT 5;26;74
2014;38;SWEDEN;STOCKHOLM;STORE 5;PRODUCT 2;79;103
2015; 8;SWEDEN;STOCKHOLM;STORE 4;PRODUCT 4;82;51
2013;25;SWEDEN;STOCKHOLM;STORE 5;PRODUCT 9;102;55
2014;30;SWEDEN;STOCKHOLM;STORE 4;PRODUCT 3;58;132
2012;10;SWEDEN;STOCKHOLM;STORE 4;PRODUCT 8;34;96
2011;20;SWEDEN;STOCKHOLM;STORE 1;PRODUCT 5;32;116
2013;39;SWEDEN;STOCKHOLM;STORE 2;PRODUCT 8;34;76
2013;47;SWEDEN;STOCKHOLM;STORE 5;PRODUCT 4;73;66
2011;22;SWEDEN;STOCKHOLM;STORE 4;PRODUCT 2;58;98
2011;16;SWEDEN;STOCKHOLM;STORE 3;PRODUCT 8;29;51
2010;28;SWEDEN;STOCKHOLM;STORE 1;PRODUCT 9;22;58
2014;47;SWEDEN;STOCKHOLM;STORE 2;PRODUCT 3;55;51
2013;31;SWEDEN;STOCKHOLM;STORE 3;PRODUCT 11;86;105
2011; 8;SWEDEN;STOCKHOLM;STORE 1;PRODUCT 10;77;96
2011; 5;SWEDEN;STOCKHOLM;STORE 1;PRODUCT 1;66;90
2011;19;SWEDEN;STOCKHOLM;STORE 5;PRODUCT 10;25;126
2011;12;SWEDEN;STOCKHOLM;STORE 2;PRODUCT 3;92;138
2014; 5;SWEDEN;STOCKHOLM;STORE 3;PRODUCT 9;96;141
2013;42;SWEDEN;STOCKHOLM;STORE 3;PRODUCT 7;43;71
2011; 9;SWEDEN;STOCKHOLM;STORE 3;PRODUCT 3;56;135
2013;51;SWEDEN;STOCKHOLM;STORE 2;PRODUCT 3;42;121
2013;37;SWEDEN;STOCKHOLM;STORE 6;PRODUCT 9;114;105
2012; 3;SWEDEN;STOCKHOLM;STORE 5;PRODUCT 1;84;61
2014;33;SWEDEN;STOCKHOLM;STORE 2;PRODUCT 10;46;70
2011;26;SWEDEN;STOCKHOLM;STORE 4;PRODUCT 6;84;103
2013;26;SWEDEN;STOCKHOLM;STORE 5;PRODUCT 3;102;126
2013;24;SWEDEN;STOCKHOLM;STORE 5;PRODUCT 7;84;121
2012;47;SWEDEN;STOCKHOLM;STORE 3;PRODUCT 8;52;79
2012;18;SWEDEN;STOCKHOLM;STORE 4;PRODUCT 8;32;61
2014;29;SWEDEN;STOCKHOLM;STORE 5;PRODUCT 9;99;87
2011;48;SWEDEN;STOCKHOLM;STORE 1;PRODUCT 6;92;95
2012;29;SWEDEN;STOCKHOLM;STORE 1;PRODUCT 3;61;113
2013;38;SWEDEN;STOCKHOLM;STORE 1;PRODUCT 5;23;57
2011;27;SWEDEN;STOCKHOLM;STORE 4;PRODUCT 2;88;92
2013;27;SWEDEN;STOCKHOLM;STORE 4;PRODUCT 10;57;58
2012;20;SWEDEN;STOCKHOLM;STORE 5;PRODUCT 6;50;126
2015; 5;SWEDEN;STOCKHOLM;STORE 6;PRODUCT 10;70;100
2010;30;SWEDEN;STOCKHOLM;STORE 4;PRODUCT 5;105;132
2012;41;SWEDEN;STOCKHOLM;STORE 2;PRODUCT 9;80;59
2012;15;SWEDEN;STOCKHOLM;STORE 1;PRODUCT 5;76;95
2012;48;SWEDEN;STOCKHOLM;STORE 3;PRODUCT 3;75;65
2013;43;SWEDEN;STOCKHOLM;STORE 2;PRODUCT 11;52;50
2015; 6;SWEDEN;STOCKHOLM;STORE 2;PRODUCT 3;42;107
2012;34;SWEDEN;STOCKHOLM;STORE 4;PRODUCT 9;83;50
2013;30;SWEDEN;STOCKHOLM;STORE 3;PRODUCT 5;78;135
2011;12;SWEDEN;STOCKHOLM;STORE 4;PRODUCT 9;75;59
2010;34;SWEDEN;STOCKHOLM;STORE 1;PRODUCT 6;118;60
2014;20;SWEDEN;STOCKHOLM;STORE 4;PRODUCT 9;112;81
2015;39;SWEDEN;STOCKHOLM;STORE 2;PRODUCT 10;118;81
2012;34;SWEDEN;STOCKHOLM;STORE 1;PRODUCT 10;29;130
2012;27;SWEDEN;STOCKHOLM;STORE 2;PRODUCT 10;82;122
2015;11;SWEDEN;STOCKHOLM;STORE 2;PRODUCT 3;54;57
2015;23;SWEDEN;STOCKHOLM;STORE 2;PRODUCT 6;93;141
2013; 4;SWEDEN;STOCKHOLM;STORE 2;PRODUCT 5;21;129
2014; 6;SWEDEN;STOCKHOLM;STORE 4;PRODUCT 4;22;55
2013; 8;SWEDEN;STOCKHOLM;STORE 4;PRODUCT 7;62;59
2011;46;SWEDEN;STOCKHOLM;STORE 5;PRODUCT 5;96;136
2013;22;SWEDEN;STOCKHOLM;STORE 1;PRODUCT 2;55;71
2011;23;SWEDEN;STOCKHOLM;STORE 1;PRODUCT 10;21;64
2011;45;SWEDEN;STOCKHOLM;STORE 6;PRODUCT 7;102;57
2013;40;SWEDEN;STOCKHOLM;STORE 1;PRODUCT 7;89;96
2011;25;SWEDEN;STOCKHOLM;STORE 4;PRODUCT 4;109;101
2015;39;SWEDEN;STOCKHOLM;STORE 6;PRODUCT 5;105;147
2011; 5;SWEDEN;STOCKHOLM;STORE 4;PRODUCT 6;105;106
2014;41;SWEDEN;STOCKHOLM;STORE 4;PRODUCT 10;48;110
2010;17;SWEDEN;STOCKHOLM;STORE 6;PRODUCT 6;64;56
2014;31;SWEDEN;STOCKHOLM;STORE 4;PRODUCT 6;90;64
2011;39;SWEDEN;STOCKHOLM;STORE 1;PRODUCT 3;69;68
2011;11;SWEDEN;STOCKHOLM;STORE 6;PRODUCT 5;56;61
2014;40;SWEDEN;STOCKHOLM;STORE 5;PRODUCT 1;74;64
2013; 6;SWEDEN;STOCKHOLM;STORE 3;PRODUCT 2;85;89
2011;50;SWEDEN;STOCKHOLM;STORE 2;PRODUCT 3;114;72
2012;13;SWEDEN;STOCKHOLM;STORE 6;PRODUCT 1;86;51
2011;38;SWEDEN;STOCKHOLM;STORE 5;PRODUCT 10;58;55
2010; 5;SWEDEN;STOCKHOLM;STORE 4;PRODUCT 11;83;104
2014;26;SWEDEN;STOCKHOLM;STORE 5;PRODUCT 8;29;128
2010;20;SWEDEN;STOCKHOLM;STORE 4;PRODUCT 9;71;56
2014;37;SWEDEN;STOCKHOLM;STORE 3;PRODUCT 5;31;75
2014;31;SWEDEN;STOCKHOLM;STORE 2;PRODUCT 7;90;92
2010;39;SWEDEN;STOCKHOLM;STORE 2;PRODUCT 6;98;103
2013;20;SWEDEN;STOCKHOLM;STORE 2;PRODUCT 3;37;94
2013;13;SWEDEN;STOCKHOLM;STORE 3;PRODUCT 6;89;90
2013;34;SWEDEN;STOCKHOLM;STORE 2;PRODUCT 4;69;146
2012;33;SWEDEN;STOCKHOLM;STORE 4;PRODUCT 7;69;112
2012;18;SWEDEN;STOCKHOLM;STORE 5;PRODUCT 9;54;66
2014;33;SWEDEN;STOCKHOLM;STORE 1;PRODUCT 6;28;112
2012;45;SWEDEN;STOCKHOLM;STORE 1;PRODUCT 7;56;138
2013;21;SWEDEN;STOCKHOLM;STORE 5;PRODUCT 11;32;123
2015;29;SWEDEN;STOCKHOLM;STORE 2;PRODUCT 10;98;61
2013;50;SWEDEN;STOCKHOLM;STORE 3;PRODUCT 3;41;66
2014;24;SWEDEN;STOCKHOLM;STORE 4;PRODUCT 9;21;59
2014;40;SWEDEN;STOCKHOLM;STORE 6;PRODUCT 8;104;69
2013; 6;SWEDEN;STOCKHOLM;STORE 5;PRODUCT 6;116;148
2014;23;SWEDEN;STOCKHOLM;STORE 5;PRODUCT 1;93;86
2012;34;SWEDEN;STOCKHOLM;STORE 5;PRODUCT 10;34;132
2013;26;SWEDEN;STOCKHOLM;STORE 2;PRODUCT 7;76;93
2010;49;SWEDEN;STOCKHOLM;STORE 4;PRODUCT 2;64;74
2010;13;SWEDEN;STOCKHOLM;STORE 1;PRODUCT 10;56;130
2012;48;SWEDEN;STOCKHOLM;STORE 4;PRODUCT 10;21;99
2011;44;SWEDEN;STOCKHOLM;STORE 6;PRODUCT 10;108;55
2015;27;SWEDEN;STOCKHOLM;STORE 5;PRODUCT 4;45;141
2013; 8;SWEDEN;STOCKHOLM;STORE 3;PRODUCT 8;107;147
2011;33;SWEDEN;STOCKHOLM;STORE 6;PRODUCT 10;89;94
2015; 7;SWEDEN;STOCKHOLM;STORE 4;PRODUCT 5;62;69
2014;15;SWEDEN;STOCKHOLM;STORE 2;PRODUCT 7;114;133
2013;28;SWEDEN;STOCKHOLM;STORE 3;PRODUCT 5;68;78
2015;37;SWEDEN;STOCKHOLM;STORE 5;PRODUCT 6;40;123
2014;17;SWEDEN;STOCKHOLM;STORE 5;PRODUCT 10;60;99
2012;21;SWEDEN;STOCKHOLM;STORE 5;PRODUCT 6;92;135
2011; 7;SWEDEN;STOCKHOLM;STORE 2;PRODUCT 8;111;81
2015;44;SWEDEN;STOCKHOLM;STORE 4;PRODUCT 10;34;134
2013;43;SWEDEN;STOCKHOLM;STORE 1;PRODUCT 4;101;124
2014;16;SWEDEN;STOCKHOLM;STORE 5;PRODUCT 8;21;143
2013; 2;SWEDEN;STOCKHOLM;STORE 4;PRODUCT 3;97;54
2014;49;SWEDEN;STOCKHOLM;STORE 5;PRODUCT 11;85;139
2011;29;SWEDEN;STOCKHOLM;STORE 6;PRODUCT 5;110;62
2010;22;SWEDEN;STOCKHOLM;STORE 1;PRODUCT 2;60;66
2012;40;SWEDEN;STOCKHOLM;STORE 3;PRODUCT 10;96;115
2011;30;SWEDEN;STOCKHOLM;STORE 5;PRODUCT 3;120;139
2010;18;SWEDEN;STOCKHOLM;STORE 5;PRODUCT 10;93;69
2012;10;SWEDEN;STOCKHOLM;STORE 5;PRODUCT 10;87;78
2013;48;SWEDEN;STOCKHOLM;STORE 2;PRODUCT 6;109;92
2013;43;SWEDEN;STOCKHOLM;STORE 1;PRODUCT 10;86;119
2012;39;SWEDEN;STOCKHOLM;STORE 3;PRODUCT 1;110;77
2014;50;SWEDEN;STOCKHOLM;STORE 3;PRODUCT 3;87;129
2012;10;SWEDEN;STOCKHOLM;STORE 3;PRODUCT 4;86;101
2013;35;SWEDEN;STOCKHOLM;STORE 2;PRODUCT 8;85;107
2013; 8;SWEDEN;STOCKHOLM;STORE 6;PRODUCT 2;116;77
2012; 9;SWEDEN;STOCKHOLM;STORE 1;PRODUCT 2;84;57
2010;41;SWEDEN;STOCKHOLM;STORE 6;PRODUCT 11;73;86
2011;28;SWEDEN;STOCKHOLM;STORE 6;PRODUCT 11;47;103
2013;13;SWEDEN;STOCKHOLM;STORE 5;PRODUCT 7;20;57
2011;15;SWEDEN;STOCKHOLM;STORE 5;PRODUCT 9;26;75
2012;47;SWEDEN;STOCKHOLM;STORE 3;PRODUCT 7;100;82
2012;28;SWEDEN;STOCKHOLM;STORE 2;PRODUCT 6;86;108
2014;26;SWEDEN;STOCKHOLM;STORE 3;PRODUCT 8;69;75
2010;23;SWEDEN;STOCKHOLM;STORE 5;PRODUCT 4;43;129
2011;28;SWEDEN;STOCKHOLM;STORE 3;PRODUCT 5;51;100
2012;48;SWEDEN;STOCKHOLM;STORE 3;PRODUCT 10;117;85
2014;14;SWEDEN;STOCKHOLM;STORE 3;PRODUCT 8;101;94
2012;12;SWEDEN;STOCKHOLM;STORE 4;PRODUCT 4;109;115
2014;12;SWEDEN;STOCKHOLM;STORE 5;PRODUCT 8;26;111
2011;33;SWEDEN;STOCKHOLM;STORE 3;PRODUCT 10;33;80
2014;50;SWEDEN;STOCKHOLM;STORE 3;PRODUCT 2;114;140
2015;50;SWEDEN;STOCKHOLM;STORE 5;PRODUCT 7;57;112
2015;25;SWEDEN;STOCKHOLM;STORE 6;PRODUCT 10;114;134
2012;39;SWEDEN;STOCKHOLM;STORE 3;PRODUCT 10;32;117
2013;50;SWEDEN;STOCKHOLM;STORE 2;PRODUCT 8;32;81
2011;42;SWEDEN;STOCKHOLM;STORE 4;PRODUCT 6;64;142
2010;15;SWEDEN;STOCKHOLM;STORE 3;PRODUCT 11;45;64
2015;27;SWEDEN;STOCKHOLM;STORE 3;PRODUCT 1;114;57
2015;11;SWEDEN;STOCKHOLM;STORE 6;PRODUCT 3;71;82
2012;24;SWEDEN;STOCKHOLM;STORE 1;PRODUCT 8;72;142
2013;35;SWEDEN;STOCKHOLM;STORE 4;PRODUCT 10;91;81
2015;36;SWEDEN;STOCKHOLM;STORE 3;PRODUCT 3;91;106
2012;40;SWEDEN;STOCKHOLM;STORE 4;PRODUCT 4;69;116
2015;37;SWEDEN;STOCKHOLM;STORE 2;PRODUCT 2;28;88
2013;45;SWEDEN;STOCKHOLM;STORE 3;PRODUCT 11;46;110
2013;24;SWEDEN;STOCKHOLM;STORE 4;PRODUCT 10;111;56
2011; 7;SWEDEN;STOCKHOLM;STORE 4;PRODUCT 5;77;50
2010; 5;SWEDEN;STOCKHOLM;STORE 1;PRODUCT 5;94;115
2011; 8;SWEDEN;STOCKHOLM;STORE 4;PRODUCT 1;22;90
2014;20;SWEDEN;STOCKHOLM;STORE 6;PRODUCT 6;37;66
2011;39;SWEDEN;STOCKHOLM;STORE 2;PRODUCT 11;71;55
2011;45;SWEDEN;STOCKHOLM;STORE 4;PRODUCT 8;87;62
2015;18;SWEDEN;STOCKHOLM;STORE 2;PRODUCT 3;104;108
2014; 2;SWEDEN;STOCKHOLM;STORE 4;PRODUCT 7;103;108
2010;16;SWEDEN;STOCKHOLM;STORE 5;PRODUCT 8;25;100
2011; 7;SWEDEN;STOCKHOLM;STORE 1;PRODUCT 3;90;74
2010; 9;SWEDEN;STOCKHOLM;STORE 3;PRODUCT 7;60;87
2015;41;SWEDEN;STOCKHOLM;STORE 4;PRODUCT 8;36;127
2011;28;SWEDEN;STOCKHOLM;STORE 5;PRODUCT 8;92;135
2014;12;SWEDEN;STOCKHOLM;STORE 1;PRODUCT 3;38;109
2014;23;SWEDEN;STOCKHOLM;STORE 3;PRODUCT 10;114;73
2013;30;SWEDEN;STOCKHOLM;STORE 2;PRODUCT 3;107;77
2014;23;SWEDEN;STOCKHOLM;STORE 3;PRODUCT 7;96;141
2014; 4;SWEDEN;STOCKHOLM;STORE 3;PRODUCT 6;76;143
2015;30;SWEDEN;STOCKHOLM;STORE 5;PRODUCT 7;37;147
2013;30;SWEDEN;STOCKHOLM;STORE 4;PRODUCT 10;108;82
2013; 2;SWEDEN;STOCKHOLM;STORE 4;PRODUCT 8;95;79
2011;35;SWEDEN;STOCKHOLM;STORE 5;PRODUCT 8;39;130
2014;15;SWEDEN;STOCKHOLM;STORE 4;PRODUCT 3;31;118
2014;36;SWEDEN;STOCKHOLM;STORE 4;PRODUCT 6;115;118
2010;42;SWEDEN;STOCKHOLM;STORE 3;PRODUCT 2;119;142
2012;33;SWEDEN;STOCKHOLM;STORE 5;PRODUCT 4;92;86
2015;44;SWEDEN;STOCKHOLM;STORE 2;PRODUCT 7;22;52
2012;14;SWEDEN;STOCKHOLM;STORE 1;PRODUCT 6;27;124
2015;16;SWEDEN;STOCKHOLM;STORE 5;PRODUCT 8;76;107
2013; 9;SWEDEN;STOCKHOLM;STORE 1;PRODUCT 4;103;108
2014;23;SWEDEN;STOCKHOLM;STORE 5;PRODUCT 5;94;128
2013; 6;SWEDEN;STOCKHOLM;STORE 1;PRODUCT 11;113;55
2014; 6;SWEDEN;STOCKHOLM;STORE 3;PRODUCT 5;99;128
2012;40;SWEDEN;STOCKHOLM;STORE 4;PRODUCT 4;62;75
2013;13;SWEDEN;STOCKHOLM;STORE 4;PRODUCT 4;47;74
2015;28;SWEDEN;STOCKHOLM;STORE 4;PRODUCT 6;78;95
2012;44;SWEDEN;STOCKHOLM;STORE 5;PRODUCT 10;98;55
2011;25;SWEDEN;STOCKHOLM;STORE 6;PRODUCT 9;106;137
2011; 4;SWEDEN;STOCKHOLM;STORE 1;PRODUCT 6;91;90
2010;13;SWEDEN;STOCKHOLM;STORE 4;PRODUCT 11;64;84
2013;42;SWEDEN;STOCKHOLM;STORE 1;PRODUCT 2;114;60
2011;50;SWEDEN;STOCKHOLM;STORE 6;PRODUCT 4;47;65
2012;11;SWEDEN;STOCKHOLM;STORE 6;PRODUCT 5;32;108
2014;47;SWEDEN;STOCKHOLM;STORE 4;PRODUCT 7;93;60
2012;37;SWEDEN;STOCKHOLM;STORE 2;PRODUCT 8;61;80
2012;51;SWEDEN;STOCKHOLM;STORE 2;PRODUCT 9;116;81
2013; 1;SWEDEN;STOCKHOLM;STORE 6;PRODUCT 4;93;113
2012;37;SWEDEN;STOCKHOLM;STORE 5;PRODUCT 9;39;85
2011; 7;SWEDEN;STOCKHOLM;STORE 3;PRODUCT 8;48;127
2012;38;SWEDEN;STOCKHOLM;STORE 3;PRODUCT 3;66;122
2012; 7;SWEDEN;STOCKHOLM;STORE 4;PRODUCT 5;103;100
2013;19;SWEDEN;STOCKHOLM;STORE 2;PRODUCT 3;40;110
2012;32;SWEDEN;STOCKHOLM;STORE 3;PRODUCT 9;91;52
2010;22;SWEDEN;STOCKHOLM;STORE 3;PRODUCT 5;78;126
2011;13;SWEDEN;STOCKHOLM;STORE 6;PRODUCT 5;102;85
2014;28;SWEDEN;STOCKHOLM;STORE 2;PRODUCT 8;42;136
2014;17;SWEDEN;STOCKHOLM;STORE 1;PRODUCT 9;111;147
2010;11;SWEDEN;STOCKHOLM;STORE 5;PRODUCT 3;50;147
2013;10;SWEDEN;STOCKHOLM;STORE 1;PRODUCT 6;107;87
2012;13;SWEDEN;STOCKHOLM;STORE 5;PRODUCT 9;89;79
2013; 3;SWEDEN;STOCKHOLM;STORE 5;PRODUCT 1;72;72
2015;29;SWEDEN;STOCKHOLM;STORE 3;PRODUCT 11;116;91
2014;13;SWEDEN;STOCKHOLM;STORE 5;PRODUCT 4;67;62
2014;15;SWEDEN;STOCKHOLM;STORE 3;PRODUCT 10;102;58
2014;10;SWEDEN;STOCKHOLM;STORE 4;PRODUCT 3;56;148
2013;42;SWEDEN;STOCKHOLM;STORE 4;PRODUCT 6;84;139
2015; 1;SWEDEN;STOCKHOLM;STORE 5;PRODUCT 8;93;61
2013;46;SWEDEN;STOCKHOLM;STORE 5;PRODUCT 6;111;68
2011;27;SWEDEN;STOCKHOLM;STORE 3;PRODUCT 7;107;111
2012; 9;SWEDEN;STOCKHOLM;STORE 3;PRODUCT 8;24;136
2015;16;SWEDEN;STOCKHOLM;STORE 3;PRODUCT 8;86;100
2011;50;SWEDEN;STOCKHOLM;STORE 5;PRODUCT 5;85;126
2012;49;SWEDEN;STOCKHOLM;STORE 3;PRODUCT 3;112;145
2013;40;SWEDEN;STOCKHOLM;STORE 6;PRODUCT 6;102;51
2012;11;SWEDEN;STOCKHOLM;STORE 2;PRODUCT 4;101;60
2010; 5;SWEDEN;STOCKHOLM;STORE 1;PRODUCT 5;25;120
2015;10;SWEDEN;STOCKHOLM;STORE 4;PRODUCT 8;30;88
2012;41;SWEDEN;STOCKHOLM;STORE 1;PRODUCT 9;24;100
2013;48;SWEDEN;STOCKHOLM;STORE 4;PRODUCT 9;108;89
2010;46;SWEDEN;STOCKHOLM;STORE 5;PRODUCT 8;42;116
2013; 2;SWEDEN;STOCKHOLM;STORE 4;PRODUCT 4;32;129
2010;30;SWEDEN;STOCKHOLM;STORE 3;PRODUCT 3;114;81
2012;44;SWEDEN;STOCKHOLM;STORE 2;PRODUCT 2;65;141
2013;41;SWEDEN;STOCKHOLM;STORE 3;PRODUCT 9;24;100
2011;10;SWEDEN;STOCKHOLM;STORE 3;PRODUCT 5;65;61
2011;32;SWEDEN;STOCKHOLM;STORE 3;PRODUCT 5;36;93
2011;29;SWEDEN;STOCKHOLM;STORE 4;PRODUCT 4;108;78
2012;20;SWEDEN;STOCKHOLM;STORE 3;PRODUCT 11;71;67
2011;11;SWEDEN;STOCKHOLM;STORE 6;PRODUCT 7;27;123
2012;40;SWEDEN;STOCKHOLM;STORE 4;PRODUCT 10;44;74
2013;18;SWEDEN;STOCKHOLM;STORE 5;PRODUCT 6;23;91
2013;34;SWEDEN;STOCKHOLM;STORE 3;PRODUCT 3;53;98
2014; 5;SWEDEN;STOCKHOLM;STORE 5;PRODUCT 3;24;65
2011;17;SWEDEN;STOCKHOLM;STORE 5;PRODUCT 7;52;121
2014;37;SWEDEN;STOCKHOLM;STORE 4;PRODUCT 2;31;87
2012; 8;SWEDEN;STOCKHOLM;STORE 5;PRODUCT 3;100;81
2012; 7;SWEDEN;STOCKHOLM;STORE 6;PRODUCT 10;74;107
2011;11;SWEDEN;STOCKHOLM;STORE 2;PRODUCT 3;31;125
2012;47;SWEDEN;STOCKHOLM;STORE 1;PRODUCT 10;66;117
2013;40;SWEDEN;STOCKHOLM;STORE 4;PRODUCT 5;69;105
2013;28;SWEDEN;STOCKHOLM;STORE 4;PRODUCT 4;29;116
2013;36;SWEDEN;STOCKHOLM;STORE 5;PRODUCT 8;92;122
2013;47;SWEDEN;STOCKHOLM;STORE 4;PRODUCT 5;33;149
2011;50;SWEDEN;STOCKHOLM;STORE 3;PRODUCT 2;81;133
2013;50;SWEDEN;STOCKHOLM;STORE 3;PRODUCT 1;72;140
2011;10;SWEDEN;STOCKHOLM;STORE 4;PRODUCT 10;62;139
2010;30;SWEDEN;STOCKHOLM;STORE 4;PRODUCT 1;81;127
2011;47;SWEDEN;STOCKHOLM;STORE 3;PRODUCT 1;100;54
2011;50;SWEDEN;STOCKHOLM;STORE 1;PRODUCT 10;61;125
2013;28;SWEDEN;STOCKHOLM;STORE 2;PRODUCT 9;22;112
2010;27;SWEDEN;STOCKHOLM;STORE 2;PRODUCT 7;99;134
2011;36;SWEDEN;STOCKHOLM;STORE 6;PRODUCT 10;106;52
2011; 6;SWEDEN;STOCKHOLM;STORE 6;PRODUCT 2;75;57
2011;43;SWEDEN;STOCKHOLM;STORE 1;PRODUCT 2;49;70
2011;39;SWEDEN;STOCKHOLM;STORE 2;PRODUCT 6;96;97
2014;33;SWEDEN;STOCKHOLM;STORE 4;PRODUCT 5;99;60
2013;31;SWEDEN;STOCKHOLM;STORE 4;PRODUCT 9;25;56
2012;45;SWEDEN;STOCKHOLM;STORE 4;PRODUCT 2;20;145
2010;50;SWEDEN;STOCKHOLM;STORE 4;PRODUCT 10;97;121
2011; 3;SWEDEN;STOCKHOLM;STORE 5;PRODUCT 6;88;67
2014;43;SWEDEN;STOCKHOLM;STORE 1;PRODUCT 10;73;89
2013;40;SWEDEN;STOCKHOLM;STORE 5;PRODUCT 3;78;101
2013;13;SWEDEN;STOCKHOLM;STORE 2;PRODUCT 4;44;73
2013;50;SWEDEN;STOCKHOLM;STORE 3;PRODUCT 5;32;149
2013;44;SWEDEN;STOCKHOLM;STORE 3;PRODUCT 4;119;59
2012;33;SWEDEN;STOCKHOLM;STORE 3;PRODUCT 7;107;81
2015;25;SWEDEN;STOCKHOLM;STORE 5;PRODUCT 8;46;139
2012;12;SWEDEN;STOCKHOLM;STORE 3;PRODUCT 10;59;111
2012;47;SWEDEN;STOCKHOLM;STORE 4;PRODUCT 11;95;116
2011;33;SWEDEN;STOCKHOLM;STORE 5;PRODUCT 8;52;144
2011;47;SWEDEN;STOCKHOLM;STORE 4;PRODUCT 9;21;61
2011;42;SWEDEN;STOCKHOLM;STORE 4;PRODUCT 7;98;108
2010;10;SWEDEN;STOCKHOLM;STORE 3;PRODUCT 8;43;112
2012; 6;SWEDEN;STOCKHOLM;STORE 2;PRODUCT 7;102;69
2010;37;SWEDEN;STOCKHOLM;STORE 1;PRODUCT 9;25;63
2013;19;SWEDEN;STOCKHOLM;STORE 1;PRODUCT 2;51;100
2012;49;SWEDEN;STOCKHOLM;STORE 1;PRODUCT 3;92;100
2010;24;SWEDEN;STOCKHOLM;STORE 4;PRODUCT 10;38;137
2011; 7;SWEDEN;STOCKHOLM;STORE 5;PRODUCT 3;79;113
2011;30;SWEDEN;STOCKHOLM;STORE 5;PRODUCT 8;94;96
2013;13;SWEDEN;STOCKHOLM;STORE 6;PRODUCT 4;69;88
2012;31;SWEDEN;STOCKHOLM;STORE 3;PRODUCT 2;94;73
2013;42;SWEDEN;STOCKHOLM;STORE 5;PRODUCT 4;100;92
2011; 8;SWEDEN;STOCKHOLM;STORE 5;PRODUCT 10;82;62
2012;51;SWEDEN;STOCKHOLM;STORE 2;PRODUCT 2;103;57
2015;31;SWEDEN;STOCKHOLM;STORE 3;PRODUCT 3;60;136
2015;30;SWEDEN;STOCKHOLM;STORE 1;PRODUCT 4;48;143
2015;35;SWEDEN;STOCKHOLM;STORE 2;PRODUCT 3;118;50
2013;44;SWEDEN;STOCKHOLM;STORE 2;PRODUCT 6;51;57
2014;46;SWEDEN;STOCKHOLM;STORE 2;PRODUCT 1;59;106
2014; 8;SWEDEN;STOCKHOLM;STORE 4;PRODUCT 1;29;83
2013;33;SWEDEN;STOCKHOLM;STORE 5;PRODUCT 9;70;102
2010;43;SWEDEN;STOCKHOLM;STORE 3;PRODUCT 5;94;63
2011;11;SWEDEN;STOCKHOLM;STORE 2;PRODUCT 6;116;87
2011;29;SWEDEN;STOCKHOLM;STORE 2;PRODUCT 3;111;60
2011;25;SWEDEN;STOCKHOLM;STORE 3;PRODUCT 9;103;67
2012;23;SWEDEN;STOCKHOLM;STORE 4;PRODUCT 2;109;104
2011;23;SWEDEN;STOCKHOLM;STORE 4;PRODUCT 9;68;108
2013;40;SWEDEN;STOCKHOLM;STORE 6;PRODUCT 10;91;100
2010;13;SWEDEN;STOCKHOLM;STORE 1;PRODUCT 2;75;74
2011;29;SWEDEN;STOCKHOLM;STORE 5;PRODUCT 6;93;84
2012;25;SWEDEN;STOCKHOLM;STORE 2;PRODUCT 7;106;92
2012;38;SWEDEN;STOCKHOLM;STORE 3;PRODUCT 4;44;85
2011;12;SWEDEN;STOCKHOLM;STORE 4;PRODUCT 9;53;87
2014;11;SWEDEN;STOCKHOLM;STORE 2;PRODUCT 2;117;124
2014; 6;SWEDEN;STOCKHOLM;STORE 5;PRODUCT 8;113;118
2011;44;SWEDEN;STOCKHOLM;STORE 1;PRODUCT 4;111;100
2011;44;SWEDEN;STOCKHOLM;STORE 1;PRODUCT 7;111;64
2010; 8;SWEDEN;STOCKHOLM;STORE 2;PRODUCT 2;57;81
2010;12;SWEDEN;STOCKHOLM;STORE 5;PRODUCT 7;71;53
2011; 9;SWEDEN;STOCKHOLM;STORE 5;PRODUCT 9;98;68
2010;48;SWEDEN;STOCKHOLM;STORE 5;PRODUCT 7;119;148
2015;39;SWEDEN;STOCKHOLM;STORE 3;PRODUCT 8;59;72
2013;27;SWEDEN;STOCKHOLM;STORE 3;PRODUCT 11;108;70
2010; 5;SWEDEN;STOCKHOLM;STORE 4;PRODUCT 9;106;65
2011;48;SWEDEN;STOCKHOLM;STORE 2;PRODUCT 3;96;130
2014;40;SWEDEN;STOCKHOLM;STORE 3;PRODUCT 3;41;62
2012; 7;SWEDEN;STOCKHOLM;STORE 2;PRODUCT 4;108;99
2011;40;SWEDEN;STOCKHOLM;STORE 2;PRODUCT 4;93;84
2012;11;SWEDEN;STOCKHOLM;STORE 5;PRODUCT 2;64;91
2012;11;SWEDEN;STOCKHOLM;STORE 3;PRODUCT 4;30;99
2014;16;SWEDEN;STOCKHOLM;STORE 5;PRODUCT 6;108;114
2010;32;SWEDEN;STOCKHOLM;STORE 2;PRODUCT 6;65;112
2014;34;SWEDEN;STOCKHOLM;STORE 1;PRODUCT 8;60;106
2012; 7;SWEDEN;STOCKHOLM;STORE 5;PRODUCT 7;68;117
2013; 4;SWEDEN;STOCKHOLM;STORE 4;PRODUCT 8;83;87
2013;48;SWEDEN;STOCKHOLM;STORE 5;PRODUCT 2;26;57
2015;17;SWEDEN;STOCKHOLM;STORE 1;PRODUCT 3;115;130
2015;30;SWEDEN;STOCKHOLM;STORE 4;PRODUCT 6;102;58
2011; 5;SWEDEN;STOCKHOLM;STORE 1;PRODUCT 8;27;133
2014; 6;SWEDEN;STOCKHOLM;STORE 1;PRODUCT 10;48;100
2014; 6;SWEDEN;STOCKHOLM;STORE 3;PRODUCT 4;94;132
2014;38;SWEDEN;STOCKHOLM;STORE 1;PRODUCT 2;79;100
2015; 9;SWEDEN;STOCKHOLM;STORE 1;PRODUCT 7;106;77
2014;12;SWEDEN;STOCKHOLM;STORE 4;PRODUCT 3;85;73
2014;27;SWEDEN;STOCKHOLM;STORE 3;PRODUCT 3;116;69
2011;49;SWEDEN;STOCKHOLM;STORE 5;PRODUCT 2;65;74
2014;16;SWEDEN;STOCKHOLM;STORE 4;PRODUCT 7;118;95
2014;39;SWEDEN;STOCKHOLM;STORE 5;PRODUCT 5;101;142
2012; 2;SWEDEN;STOCKHOLM;STORE 3;PRODUCT 9;25;137
2011;39;SWEDEN;STOCKHOLM;STORE 6;PRODUCT 2;102;133
2011; 3;SWEDEN;STOCKHOLM;STORE 5;PRODUCT 4;74;83
2015;12;SWEDEN;STOCKHOLM;STORE 3;PRODUCT 10;107;92
2014; 7;SWEDEN;STOCKHOLM;STORE 5;PRODUCT 4;43;59
2013;10;SWEDEN;STOCKHOLM;STORE 5;PRODUCT 5;84;52
2011;29;SWEDEN;STOCKHOLM;STORE 4;PRODUCT 10;88;99
2012;47;SWEDEN;STOCKHOLM;STORE 1;PRODUCT 4;41;74
2014; 6;SWEDEN;STOCKHOLM;STORE 6;PRODUCT 9;96;109
2011;16;SWEDEN;STOCKHOLM;STORE 4;PRODUCT 9;107;123
2012;21;SWEDEN;STOCKHOLM;STORE 3;PRODUCT 10;52;75
2011;43;SWEDEN;STOCKHOLM;STORE 4;PRODUCT 1;30;138
2010; 8;SWEDEN;STOCKHOLM;STORE 1;PRODUCT 8;108;109
2011;29;SWEDEN;STOCKHOLM;STORE 1;PRODUCT 5;97;67
2010;46;SWEDEN;STOCKHOLM;STORE 4;PRODUCT 5;23;115
2012;49;SWEDEN;STOCKHOLM;STORE 5;PRODUCT 3;75;135
2015;14;SWEDEN;STOCKHOLM;STORE 1;PRODUCT 4;27;116
2011;21;SWEDEN;STOCKHOLM;STORE 6;PRODUCT 10;56;74
2014;27;SWEDEN;STOCKHOLM;STORE 4;PRODUCT 10;106;124
2014;30;SWEDEN;STOCKHOLM;STORE 3;PRODUCT 1;30;138
2015;17;SWEDEN;STOCKHOLM;STORE 5;PRODUCT 8;86;141
2011; 2;SWEDEN;STOCKHOLM;STORE 4;PRODUCT 7;33;118
2011; 6;SWEDEN;STOCKHOLM;STORE 2;PRODUCT 3;57;127
2011;16;SWEDEN;STOCKHOLM;STORE 4;PRODUCT 5;66;59
2012;45;SWEDEN;STOCKHOLM;STORE 2;PRODUCT 8;31;144
2013;12;SWEDEN;STOCKHOLM;STORE 4;PRODUCT 3;51;77
2012;31;SWEDEN;STOCKHOLM;STORE 1;PRODUCT 11;41;61
2011;10;SWEDEN;STOCKHOLM;STORE 4;PRODUCT 3;32;60
2013;39;SWEDEN;STOCKHOLM;STORE 5;PRODUCT 4;112;88
2012; 8;SWEDEN;STOCKHOLM;STORE 3;PRODUCT 6;116;52
2015;37;SWEDEN;STOCKHOLM;STORE 1;PRODUCT 10;72;54
2010;34;SWEDEN;STOCKHOLM;STORE 5;PRODUCT 8;57;128
2015;14;SWEDEN;STOCKHOLM;STORE 5;PRODUCT 8;27;60
2014;11;SWEDEN;STOCKHOLM;STORE 5;PRODUCT 1;84;110
2010;35;SWEDEN;STOCKHOLM;STORE 2;PRODUCT 7;111;124
2011;32;SWEDEN;STOCKHOLM;STORE 3;PRODUCT 6;105;52
2012;16;SWEDEN;STOCKHOLM;STORE 6;PRODUCT 4;107;93
2011;18;SWEDEN;STOCKHOLM;STORE 4;PRODUCT 9;94;56
2013;28;SWEDEN;STOCKHOLM;STORE 5;PRODUCT 10;37;136
2014;28;SWEDEN;STOCKHOLM;STORE 5;PRODUCT 7;56;135
2010;26;SWEDEN;STOCKHOLM;STORE 1;PRODUCT 2;86;107
2011;43;SWEDEN;STOCKHOLM;STORE 6;PRODUCT 5;101;114
2012;11;SWEDEN;STOCKHOLM;STORE 2;PRODUCT 7;34;120
2012;10;SWEDEN;STOCKHOLM;STORE 1;PRODUCT 10;95;56
2011;45;SWEDEN;STOCKHOLM;STORE 4;PRODUCT 4;106;72
2011;45;SWEDEN;STOCKHOLM;STORE 5;PRODUCT 5;82;119
2012;33;SWEDEN;STOCKHOLM;STORE 5;PRODUCT 3;78;122
2011;44;SWEDEN;STOCKHOLM;STORE 4;PRODUCT 4;71;123
2011;14;SWEDEN;STOCKHOLM;STORE 3;PRODUCT 3;72;55
2011;33;SWEDEN;STOCKHOLM;STORE 5;PRODUCT 7;110;87
2011;13;SWEDEN;STOCKHOLM;STORE 4;PRODUCT 4;101;59
2012;31;SWEDEN;STOCKHOLM;STORE 5;PRODUCT 11;50;68
2013;50;SWEDEN;STOCKHOLM;STORE 4;PRODUCT 2;118;146
2010; 5;SWEDEN;STOCKHOLM;STORE 4;PRODUCT 6;22;61
2011; 3;SWEDEN;STOCKHOLM;STORE 2;PRODUCT 3;64;146
2012; 1;SWEDEN;STOCKHOLM;STORE 3;PRODUCT 5;94;84
2012; 6;SWEDEN;STOCKHOLM;STORE 2;PRODUCT 3;84;119
2015; 3;SWEDEN;STOCKHOLM;STORE 2;PRODUCT 6;39;57
2012; 3;SWEDEN;STOCKHOLM;STORE 5;PRODUCT 2;99;126
2012;35;SWEDEN;STOCKHOLM;STORE 5;PRODUCT 1;38;58
2014;24;SWEDEN;STOCKHOLM;STORE 4;PRODUCT 7;82;101
2014; 4;SWEDEN;STOCKHOLM;STORE 1;PRODUCT 6;37;58
2013;29;SWEDEN;STOCKHOLM;STORE 3;PRODUCT 6;62;109
2015;48;SWEDEN;STOCKHOLM;STORE 3;PRODUCT 10;76;68
2010;20;SWEDEN;STOCKHOLM;STORE 5;PRODUCT 7;115;135
2011;29;SWEDEN;STOCKHOLM;STORE 3;PRODUCT 3;104;103
2015;18;SWEDEN;STOCKHOLM;STORE 2;PRODUCT 10;45;124
2014; 9;SWEDEN;STOCKHOLM;STORE 6;PRODUCT 10;26;137
2012;16;SWEDEN;STOCKHOLM;STORE 5;PRODUCT 9;62;68
2013;23;SWEDEN;STOCKHOLM;STORE 2;PRODUCT 7;89;86
2013;27;SWEDEN;STOCKHOLM;STORE 6;PRODUCT 6;51;77
2010;45;SWEDEN;STOCKHOLM;STORE 5;PRODUCT 8;74;77
2014;35;SWEDEN;STOCKHOLM;STORE 5;PRODUCT 7;29;104
2011;30;SWEDEN;STOCKHOLM;STORE 2;PRODUCT 10;119;76
2015; 1;SWEDEN;STOCKHOLM;STORE 3;PRODUCT 7;67;85
2015;31;SWEDEN;STOCKHOLM;STORE 5;PRODUCT 7;80;103
2011;31;SWEDEN;STOCKHOLM;STORE 3;PRODUCT 7;53;72
2014;10;SWEDEN;STOCKHOLM;STORE 3;PRODUCT 8;53;146
2013;29;SWEDEN;STOCKHOLM;STORE 1;PRODUCT 9;58;147
2015;13;SWEDEN;STOCKHOLM;STORE 6;PRODUCT 7;81;87
2013;44;SWEDEN;STOCKHOLM;STORE 1;PRODUCT 5;78;113
2015;47;SWEDEN;STOCKHOLM;STORE 3;PRODUCT 1;102;135
2015;47;SWEDEN;STOCKHOLM;STORE 2;PRODUCT 4;34;105
2014; 4;SWEDEN;STOCKHOLM;STORE 4;PRODUCT 6;60;108
2014;16;SWEDEN;STOCKHOLM;STORE 3;PRODUCT 2;86;83
2014;34;SWEDEN;STOCKHOLM;STORE 4;PRODUCT 10;88;115
2011;36;SWEDEN;STOCKHOLM;STORE 6;PRODUCT 7;55;84
2013; 2;SWEDEN;STOCKHOLM;STORE 4;PRODUCT 4;91;72
2012;41;SWEDEN;STOCKHOLM;STORE 5;PRODUCT 6;79;61
2012;21;SWEDEN;STOCKHOLM;STORE 2;PRODUCT 7;59;115
2011; 3;SWEDEN;STOCKHOLM;STORE 4;PRODUCT 3;44;76
2015;11;SWEDEN;STOCKHOLM;STORE 5;PRODUCT 1;57;92
2011; 7;SWEDEN;STOCKHOLM;STORE 2;PRODUCT 9;35;72
2010;15;SWEDEN;STOCKHOLM;STORE 4;PRODUCT 7;105;60
2014;42;SWEDEN;STOCKHOLM;STORE 3;PRODUCT 10;80;87
2013; 5;SWEDEN;STOCKHOLM;STORE 5;PRODUCT 10;66;118
2013;23;SWEDEN;STOCKHOLM;STORE 1;PRODUCT 4;104;132
2010;33;SWEDEN;STOCKHOLM;STORE 3;PRODUCT 2;54;51
2011; 7;SWEDEN;STOCKHOLM;STORE 1;PRODUCT 8;33;100
2012;14;SWEDEN;STOCKHOLM;STORE 1;PRODUCT 10;44;128
2012; 2;SWEDEN;STOCKHOLM;STORE 6;PRODUCT 3;20;111
2012;19;SWEDEN;STOCKHOLM;STORE 5;PRODUCT 4;79;59
2012; 5;SWEDEN;STOCKHOLM;STORE 3;PRODUCT 3;56;96
2011;39;SWEDEN;STOCKHOLM;STORE 1;PRODUCT 5;51;91
2015;41;SWEDEN;STOCKHOLM;STORE 4;PRODUCT 11;62;134
2011;31;SWEDEN;STOCKHOLM;STORE 5;PRODUCT 9;115;80
2013;38;SWEDEN;STOCKHOLM;STORE 6;PRODUCT 8;32;95
2013; 9;SWEDEN;STOCKHOLM;STORE 4;PRODUCT 2;23;91
2014;28;SWEDEN;STOCKHOLM;STORE 4;PRODUCT 6;104;82
2011;22;SWEDEN;STOCKHOLM;STORE 5;PRODUCT 4;26;135
2013;46;SWEDEN;STOCKHOLM;STORE 3;PRODUCT 8;91;113
2012; 4;SWEDEN;STOCKHOLM;STORE 4;PRODUCT 6;83;53
2013;48;SWEDEN;STOCKHOLM;STORE 1;PRODUCT 9;93;144
2013;43;SWEDEN;STOCKHOLM;STORE 4;PRODUCT 2;78;135
2014;37;SWEDEN;STOCKHOLM;STORE 1;PRODUCT 5;113;109
2014; 9;SWEDEN;STOCKHOLM;STORE 5;PRODUCT 2;21;147
2012;50;SWEDEN;STOCKHOLM;STORE 6;PRODUCT 7;114;91
2010;19;SWEDEN;STOCKHOLM;STORE 1;PRODUCT 2;32;99
2011;42;SWEDEN;STOCKHOLM;STORE 2;PRODUCT 3;51;141
2012;19;SWEDEN;STOCKHOLM;STORE 5;PRODUCT 11;87;54
2014;22;SWEDEN;STOCKHOLM;STORE 5;PRODUCT 8;58;119
2013;10;SWEDEN;STOCKHOLM;STORE 5;PRODUCT 7;40;123
2013;37;SWEDEN;STOCKHOLM;STORE 6;PRODUCT 11;80;85
2014;19;SWEDEN;STOCKHOLM;STORE 2;PRODUCT 10;117;87
2011;12;SWEDEN;STOCKHOLM;STORE 4;PRODUCT 3;34;82
2012;29;SWEDEN;STOCKHOLM;STORE 2;PRODUCT 10;104;106
2012; 2;SWEDEN;STOCKHOLM;STORE 3;PRODUCT 4;82;64
2013; 4;SWEDEN;STOCKHOLM;STORE 5;PRODUCT 1;23;62
2013;33;SWEDEN;STOCKHOLM;STORE 2;PRODUCT 6;105;127
2014;33;SWEDEN;STOCKHOLM;STORE 4;PRODUCT 10;120;66
2011;22;SWEDEN;STOCKHOLM;STORE 1;PRODUCT 10;84;108
2013;19;SWEDEN;STOCKHOLM;STORE 4;PRODUCT 6;70;62
2013;16;SWEDEN;STOCKHOLM;STORE 1;PRODUCT 3;75;104
2011;34;SWEDEN;STOCKHOLM;STORE 6;PRODUCT 6;43;129
2014;31;SWEDEN;STOCKHOLM;STORE 6;PRODUCT 6;36;129
2011;42;SWEDEN;STOCKHOLM;STORE 3;PRODUCT 1;92;100
2012; 3;SWEDEN;STOCKHOLM;STORE 2;PRODUCT 4;70;90
2014;43;SWEDEN;STOCKHOLM;STORE 2;PRODUCT 4;103;58
2012; 6;SWEDEN;STOCKHOLM;STORE 6;PRODUCT 4;108;96
2013;31;SWEDEN;STOCKHOLM;STORE 5;PRODUCT 6;81;135
2014;37;SWEDEN;STOCKHOLM;STORE 5;PRODUCT 2;45;126
2011;31;SWEDEN;STOCKHOLM;STORE 2;PRODUCT 6;79;85
2012;14;SWEDEN;STOCKHOLM;STORE 3;PRODUCT 4;33;127
2014;48;SWEDEN;STOCKHOLM;STORE 5;PRODUCT 4;36;128
2015;37;SWEDEN;STOCKHOLM;STORE 3;PRODUCT 8;78;143
2011;38;SWEDEN;STOCKHOLM;STORE 5;PRODUCT 8;74;55
2013;19;SWEDEN;STOCKHOLM;STORE 4;PRODUCT 7;50;117
2012;47;SWEDEN;STOCKHOLM;STORE 4;PRODUCT 2;42;123
2011;36;SWEDEN;STOCKHOLM;STORE 2;PRODUCT 9;104;57
2012;17;SWEDEN;STOCKHOLM;STORE 4;PRODUCT 4;45;67
2014;16;SWEDEN;STOCKHOLM;STORE 4;PRODUCT 3;50;143
2014;36;SWEDEN;STOCKHOLM;STORE 3;PRODUCT 4;41;87
2012;27;SWEDEN;STOCKHOLM;STORE 6;PRODUCT 8;60;57
2013;44;SWEDEN;STOCKHOLM;STORE 4;PRODUCT 4;48;105
2014;41;SWEDEN;STOCKHOLM;STORE 3;PRODUCT 9;58;126
2015; 4;SWEDEN;STOCKHOLM;STORE 1;PRODUCT 5;103;128
2011;31;SWEDEN;STOCKHOLM;STORE 5;PRODUCT 4;87;78
2012;45;SWEDEN;STOCKHOLM;STORE 3;PRODUCT 5;63;111
2011;18;SWEDEN;STOCKHOLM;STORE 1;PRODUCT 5;120;123
2015;11;SWEDEN;STOCKHOLM;STORE 3;PRODUCT 9;47;108
2013;23;SWEDEN;STOCKHOLM;STORE 3;PRODUCT 5;38;145
2013;39;SWEDEN;STOCKHOLM;STORE 6;PRODUCT 1;39;75
2012;13;SWEDEN;STOCKHOLM;STORE 4;PRODUCT 9;74;54
2012;25;SWEDEN;STOCKHOLM;STORE 6;PRODUCT 7;56;100
2014;21;SWEDEN;STOCKHOLM;STORE 1;PRODUCT 8;45;146
2013; 4;SWEDEN;STOCKHOLM;STORE 6;PRODUCT 5;70;137
2010;43;SWEDEN;STOCKHOLM;STORE 5;PRODUCT 3;82;143
2012;37;SWEDEN;STOCKHOLM;STORE 3;PRODUCT 6;24;100
2012;26;SWEDEN;STOCKHOLM;STORE 2;PRODUCT 6;119;94
2013; 9;SWEDEN;STOCKHOLM;STORE 1;PRODUCT 6;79;101
2014;29;SWEDEN;STOCKHOLM;STORE 6;PRODUCT 7;89;54
2012;16;SWEDEN;STOCKHOLM;STORE 4;PRODUCT 10;47;104
2012; 5;SWEDEN;STOCKHOLM;STORE 5;PRODUCT 8;35;143
2012;27;SWEDEN;STOCKHOLM;STORE 4;PRODUCT 9;68;81
2013;17;SWEDEN;STOCKHOLM;STORE 2;PRODUCT 7;112;127
2014; 5;SWEDEN;STOCKHOLM;STORE 4;PRODUCT 10;56;104
2014;16;SWEDEN;STOCKHOLM;STORE 1;PRODUCT 6;36;115
2015;19;SWEDEN;STOCKHOLM;STORE 4;PRODUCT 9;90;138
2010; 8;SWEDEN;STOCKHOLM;STORE 3;PRODUCT 3;117;55
2013;38;SWEDEN;STOCKHOLM;STORE 2;PRODUCT 4;107;109
2012;24;SWEDEN;STOCKHOLM;STORE 2;PRODUCT 10;41;113
2010;45;SWEDEN;STOCKHOLM;STORE 4;PRODUCT 3;105;85
2015; 6;SWEDEN;STOCKHOLM;STORE 5;PRODUCT 3;25;91
2013;41;SWEDEN;STOCKHOLM;STORE 2;PRODUCT 6;78;100
2014;50;SWEDEN;STOCKHOLM;STORE 5;PRODUCT 7;110;106
2012; 8;SWEDEN;STOCKHOLM;STORE 4;PRODUCT 4;40;59
2012;48;SWEDEN;STOCKHOLM;STORE 5;PRODUCT 2;45;116
2014;46;SWEDEN;STOCKHOLM;STORE 1;PRODUCT 10;55;110
2014;50;SWEDEN;STOCKHOLM;STORE 4;PRODUCT 7;91;52
2015;16;SWEDEN;STOCKHOLM;STORE 4;PRODUCT 1;76;111
2015;14;SWEDEN;STOCKHOLM;STORE 5;PRODUCT 1;104;140
2011;20;SWEDEN;STOCKHOLM;STORE 2;PRODUCT 4;48;126
2011; 8;SWEDEN;STOCKHOLM;STORE 2;PRODUCT 10;71;148
2011;35;SWEDEN;STOCKHOLM;STORE 4;PRODUCT 1;51;100
2014;19;SWEDEN;STOCKHOLM;STORE 1;PRODUCT 5;54;134
2014;21;SWEDEN;STOCKHOLM;STORE 6;PRODUCT 10;103;99
2014;18;SWEDEN;STOCKHOLM;STORE 3;PRODUCT 3;21;70
2012;42;SWEDEN;STOCKHOLM;STORE 4;PRODUCT 9;87;60
2011; 8;SWEDEN;STOCKHOLM;STORE 6;PRODUCT 9;48;78
2012;12;SWEDEN;STOCKHOLM;STORE 3;PRODUCT 6;92;52
2011;19;SWEDEN;STOCKHOLM;STORE 1;PRODUCT 10;33;73
2013;37;SWEDEN;STOCKHOLM;STORE 3;PRODUCT 8;100;138
2010;24;SWEDEN;STOCKHOLM;STORE 6;PRODUCT 4;76;51
2012;11;SWEDEN;STOCKHOLM;STORE 1;PRODUCT 10;104;149
2012; 4;SWEDEN;STOCKHOLM;STORE 2;PRODUCT 6;30;131
2012;39;SWEDEN;STOCKHOLM;STORE 2;PRODUCT 9;32;83
2013;19;SWEDEN;STOCKHOLM;STORE 5;PRODUCT 4;30;77
2011;26;SWEDEN;STOCKHOLM;STORE 3;PRODUCT 7;33;91
2011;31;SWEDEN;STOCKHOLM;STORE 4;PRODUCT 6;78;106
2010;14;SWEDEN;STOCKHOLM;STORE 3;PRODUCT 4;64;112
2013;18;SWEDEN;STOCKHOLM;STORE 1;PRODUCT 3;33;120
2013;31;SWEDEN;STOCKHOLM;STORE 4;PRODUCT 3;95;52
2012;27;SWEDEN;STOCKHOLM;STORE 2;PRODUCT 6;57;140
2012;15;SWEDEN;STOCKHOLM;STORE 5;PRODUCT 6;36;127
2015;32;SWEDEN;STOCKHOLM;STORE 4;PRODUCT 5;32;89
2012;17;SWEDEN;STOCKHOLM;STORE 6;PRODUCT 5;110;81
2013;47;SWEDEN;STOCKHOLM;STORE 2;PRODUCT 10;91;57
2013;10;SWEDEN;STOCKHOLM;STORE 5;PRODUCT 7;82;76
2011;17;SWEDEN;STOCKHOLM;STORE 4;PRODUCT 9;67;64
2012;17;SWEDEN;STOCKHOLM;STORE 5;PRODUCT 6;39;142
2011;18;SWEDEN;STOCKHOLM;STORE 3;PRODUCT 9;52;124
2013;20;SWEDEN;STOCKHOLM;STORE 1;PRODUCT 5;109;78
2012;27;SWEDEN;STOCKHOLM;STORE 3;PRODUCT 3;85;97
2011; 8;SWEDEN;STOCKHOLM;STORE 3;PRODUCT 2;45;94
2014;28;SWEDEN;STOCKHOLM;STORE 3;PRODUCT 1;104;112
2013;44;SWEDEN;STOCKHOLM;STORE 2;PRODUCT 4;99;100
2015;14;SWEDEN;STOCKHOLM;STORE 3;PRODUCT 3;84;110
2013;49;SWEDEN;STOCKHOLM;STORE 1;PRODUCT 8;57;53
2013;19;SWEDEN;STOCKHOLM;STORE 2;PRODUCT 9;119;70
2010;41;SWEDEN;STOCKHOLM;STORE 3;PRODUCT 1;22;95
2013;33;SWEDEN;STOCKHOLM;STORE 2;PRODUCT 8;48;97
2012;25;SWEDEN;STOCKHOLM;STORE 1;PRODUCT 4;21;108
2011;42;SWEDEN;STOCKHOLM;STORE 3;PRODUCT 3;116;70
2012;36;SWEDEN;STOCKHOLM;STORE 4;PRODUCT 4;89;138
2013;25;SWEDEN;STOCKHOLM;STORE 6;PRODUCT 9;89;144
2013;33;SWEDEN;STOCKHOLM;STORE 3;PRODUCT 2;71;71
2014;16;SWEDEN;STOCKHOLM;STORE 4;PRODUCT 4;92;141
2012;43;SWEDEN;STOCKHOLM;STORE 6;PRODUCT 2;55;127
2010;41;SWEDEN;STOCKHOLM;STORE 6;PRODUCT 9;83;132
2010;34;SWEDEN;STOCKHOLM;STORE 5;PRODUCT 5;51;124
2015;41;SWEDEN;STOCKHOLM;STORE 1;PRODUCT 3;72;60
2014;14;SWEDEN;STOCKHOLM;STORE 4;PRODUCT 4;100;63
2013;32;SWEDEN;STOCKHOLM;STORE 4;PRODUCT 11;104;127
2011;51;SWEDEN;STOCKHOLM;STORE 2;PRODUCT 8;22;143
2010;31;SWEDEN;STOCKHOLM;STORE 6;PRODUCT 10;36;89
2014;14;SWEDEN;STOCKHOLM;STORE 3;PRODUCT 11;115;144
2014;37;SWEDEN;STOCKHOLM;STORE 2;PRODUCT 11;75;135
2012;25;SWEDEN;STOCKHOLM;STORE 2;PRODUCT 9;80;142
2015;47;SWEDEN;STOCKHOLM;STORE 4;PRODUCT 5;81;149
2013;33;SWEDEN;STOCKHOLM;STORE 4;PRODUCT 5;46;82
2010;12;SWEDEN;STOCKHOLM;STORE 5;PRODUCT 2;34;63
2013;23;SWEDEN;STOCKHOLM;STORE 4;PRODUCT 4;38;60
2013; 9;SWEDEN;STOCKHOLM;STORE 1;PRODUCT 5;89;89
2012;24;SWEDEN;STOCKHOLM;STORE 3;PRODUCT 8;60;142
2011; 9;SWEDEN;STOCKHOLM;STORE 4;PRODUCT 7;52;150
2011;30;SWEDEN;STOCKHOLM;STORE 5;PRODUCT 6;93;125
2014;35;SWEDEN;STOCKHOLM;STORE 3;PRODUCT 3;118;97
2013;38;SWEDEN;STOCKHOLM;STORE 3;PRODUCT 1;68;88
2013; 2;SWEDEN;STOCKHOLM;STORE 1;PRODUCT 3;32;85
2011;28;SWEDEN;STOCKHOLM;STORE 4;PRODUCT 10;70;107
2010;14;SWEDEN;STOCKHOLM;STORE 5;PRODUCT 5;45;59
2011;36;SWEDEN;STOCKHOLM;STORE 2;PRODUCT 5;96;110
2013;22;SWEDEN;STOCKHOLM;STORE 3;PRODUCT 5;56;59
2013; 8;SWEDEN;STOCKHOLM;STORE 5;PRODUCT 3;120;87
2011;37;SWEDEN;STOCKHOLM;STORE 6;PRODUCT 8;61;119
2013;25;SWEDEN;STOCKHOLM;STORE 5;PRODUCT 4;39;79
2013;33;SWEDEN;STOCKHOLM;STORE 4;PRODUCT 9;46;120
2013;44;SWEDEN;STOCKHOLM;STORE 2;PRODUCT 1;48;111
2013;10;SWEDEN;STOCKHOLM;STORE 4;PRODUCT 1;38;120
2012;44;SWEDEN;STOCKHOLM;STORE 2;PRODUCT 1;71;140
2013;29;SWEDEN;STOCKHOLM;STORE 2;PRODUCT 10;107;145
2013;46;SWEDEN;STOCKHOLM;STORE 3;PRODUCT 2;82;72
2015; 4;SWEDEN;STOCKHOLM;STORE 4;PRODUCT 7;111;106
2014;30;SWEDEN;STOCKHOLM;STORE 3;PRODUCT 2;116;95
2013;49;SWEDEN;STOCKHOLM;STORE 2;PRODUCT 10;111;98
2013;28;SWEDEN;STOCKHOLM;STORE 4;PRODUCT 9;94;70
2012;31;SWEDEN;STOCKHOLM;STORE 4;PRODUCT 5;106;145
2011;15;SWEDEN;STOCKHOLM;STORE 4;PRODUCT 2;72;90
2014;18;SWEDEN;STOCKHOLM;STORE 3;PRODUCT 8;90;54
2012;48;SWEDEN;STOCKHOLM;STORE 4;PRODUCT 10;113;130
2011;32;SWEDEN;STOCKHOLM;STORE 4;PRODUCT 3;71;125
2011;17;SWEDEN;STOCKHOLM;STORE 3;PRODUCT 9;51;142
2010; 4;SWEDEN;STOCKHOLM;STORE 2;PRODUCT 3;55;79
2010;13;SWEDEN;STOCKHOLM;STORE 1;PRODUCT 8;24;84
2015;26;SWEDEN;STOCKHOLM;STORE 6;PRODUCT 7;113;127
2013;24;SWEDEN;STOCKHOLM;STORE 4;PRODUCT 3;106;54
2014;11;SWEDEN;STOCKHOLM;STORE 2;PRODUCT 9;39;112
2013;23;SWEDEN;STOCKHOLM;STORE 5;PRODUCT 9;44;147
2012;49;SWEDEN;STOCKHOLM;STORE 5;PRODUCT 4;68;84
2011;11;SWEDEN;STOCKHOLM;STORE 6;PRODUCT 7;115;113
2015;50;SWEDEN;STOCKHOLM;STORE 1;PRODUCT 3;31;59
2015;48;SWEDEN;STOCKHOLM;STORE 5;PRODUCT 5;56;82
2015;49;SWEDEN;STOCKHOLM;STORE 1;PRODUCT 2;76;98
2011;51;SWEDEN;STOCKHOLM;STORE 5;PRODUCT 5;88;66
2013;12;SWEDEN;STOCKHOLM;STORE 6;PRODUCT 10;97;65
2011;13;SWEDEN;STOCKHOLM;STORE 3;PRODUCT 7;54;122
2013;33;SWEDEN;STOCKHOLM;STORE 5;PRODUCT 1;115;89
2010; 3;SWEDEN;STOCKHOLM;STORE 4;PRODUCT 7;110;147
2013;23;SWEDEN;STOCKHOLM;STORE 2;PRODUCT 8;86;121
2012; 4;SWEDEN;STOCKHOLM;STORE 4;PRODUCT 4;96;91
2012;15;SWEDEN;STOCKHOLM;STORE 2;PRODUCT 10;119;107
2010;15;SWEDEN;STOCKHOLM;STORE 2;PRODUCT 9;99;123
2011; 8;SWEDEN;STOCKHOLM;STORE 5;PRODUCT 10;30;143
2014;31;SWEDEN;STOCKHOLM;STORE 1;PRODUCT 4;118;125
2014; 3;SWEDEN;STOCKHOLM;STORE 5;PRODUCT 11;50;148
2012;44;SWEDEN;STOCKHOLM;STORE 3;PRODUCT 7;58;121
2012;43;SWEDEN;STOCKHOLM;STORE 3;PRODUCT 5;70;75
2014;42;SWEDEN;STOCKHOLM;STORE 5;PRODUCT 6;88;56
2014;34;SWEDEN;STOCKHOLM;STORE 2;PRODUCT 3;103;98
2013;40;SWEDEN;STOCKHOLM;STORE 5;PRODUCT 3;38;72
2014;15;SWEDEN;STOCKHOLM;STORE 3;PRODUCT 11;36;145
2010;26;SWEDEN;STOCKHOLM;STORE 5;PRODUCT 6;109;67
2013;25;SWEDEN;STOCKHOLM;STORE 5;PRODUCT 7;55;91
2011;12;SWEDEN;STOCKHOLM;STORE 3;PRODUCT 10;97;79
2012;46;SWEDEN;STOCKHOLM;STORE 4;PRODUCT 2;100;129
2015;45;SWEDEN;STOCKHOLM;STORE 2;PRODUCT 7;40;126
2011;48;SWEDEN;STOCKHOLM;STORE 2;PRODUCT 3;85;127
2010;48;SWEDEN;STOCKHOLM;STORE 5;PRODUCT 6;54;147
2013;13;SWEDEN;STOCKHOLM;STORE 5;PRODUCT 10;116;148
2014;36;SWEDEN;STOCKHOLM;STORE 3;PRODUCT 10;61;98
2015;22;SWEDEN;STOCKHOLM;STORE 5;PRODUCT 11;104;56
2013;49;SWEDEN;STOCKHOLM;STORE 5;PRODUCT 10;21;51